uid,lvis_category,license,name,source_uri
79f66456163749c0a8ed733698ca5a16,hammer,by,Blacksmith hammer,https://api.sketchfab.com/v3/models/79f66456163749c0a8ed733698ca5a16
5bdc836016a3444ea140b34d47fee024,hammer,by,Rusty sledgehammer,https://api.sketchfab.com/v3/models/5bdc836016a3444ea140b34d47fee024
1b32c678cb9e4d14805e48e77891c459,hammer,by,War Hammer (Texture),https://api.sketchfab.com/v3/models/1b32c678cb9e4d14805e48e77891c459
6f44910745a143a59b9fc08a58e6b1ab,hammer,by,Little Mallet,https://api.sketchfab.com/v3/models/6f44910745a143a59b9fc08a58e6b1ab
b319095ba4334b95b82979039e7c1bfc,hammer,by-nc,Mjolnir,https://api.sketchfab.com/v3/models/b319095ba4334b95b82979039e7c1bfc
f6f3eee2d418463bbab1abe93e274d60,hammer,by,Hammer,https://api.sketchfab.com/v3/models/f6f3eee2d418463bbab1abe93e274d60
e3c5414ed4174d27bd048716fcfa3f97,hammer,by,hammer,https://api.sketchfab.com/v3/models/e3c5414ed4174d27bd048716fcfa3f97
439ad3cdddbc4211b8a3c98448e900cc,hammer,by,Destral low poly / Axe,https://api.sketchfab.com/v3/models/439ad3cdddbc4211b8a3c98448e900cc
22db3637b9e2454397412aaf6e94706d,hammer,by,AGV WAR HAMMER MY VERSION 2,https://api.sketchfab.com/v3/models/22db3637b9e2454397412aaf6e94706d
0434e614b2d946eb9ee72e2a50834c74,hammer,by,Blacksmith Hammer,https://api.sketchfab.com/v3/models/0434e614b2d946eb9ee72e2a50834c74
76a75a4cafb74489a3c5385834058f0b,hammer,by,Old Used Hammer 1 | CC0,https://api.sketchfab.com/v3/models/76a75a4cafb74489a3c5385834058f0b
f4ce57bc858940af9bbb3907231edf87,hammer,by,Warrior Hammer,https://api.sketchfab.com/v3/models/f4ce57bc858940af9bbb3907231edf87
6f3afdd50a464a4ab5476e100161c2e1,hammer,by,Stone Hammer,https://api.sketchfab.com/v3/models/6f3afdd50a464a4ab5476e100161c2e1
70d2687b6aab40c291d2d453c3f0afb6,hammer,by,Hammer downloadable,https://api.sketchfab.com/v3/models/70d2687b6aab40c291d2d453c3f0afb6
2816054c2fbf4b91934b82dd3c31f8f3,hammer,by,Warhammer Fantasy - Two Handed War Hammer Asset,https://api.sketchfab.com/v3/models/2816054c2fbf4b91934b82dd3c31f8f3
93ac3e247f77497e98235f77a2c24e95,hammer,by,Hammer,https://api.sketchfab.com/v3/models/93ac3e247f77497e98235f77a2c24e95
809d6d87a35342789091e37dc77b3f4d,hammer,by,Hammer Exercise,https://api.sketchfab.com/v3/models/809d6d87a35342789091e37dc77b3f4d
6984d8d0f77b462ea908a4463c8f4c72,hammer,by,Well Worn Hammer,https://api.sketchfab.com/v3/models/6984d8d0f77b462ea908a4463c8f4c72
89fb17593d0d4f668804401f9a8ede01,hammer,by,BRIDGE 09- SIDE VIEW SPAN - P3A,https://api.sketchfab.com/v3/models/89fb17593d0d4f668804401f9a8ede01
7e4e736ec04349acb12c326acf9fe941,hammer,by,Hammer,https://api.sketchfab.com/v3/models/7e4e736ec04349acb12c326acf9fe941
aba40571f00b4a65b778c36933510c1e,hammer,by-sa,War Hammer!,https://api.sketchfab.com/v3/models/aba40571f00b4a65b778c36933510c1e
ed6973497d074fd6969fd06f52e8da04,hammer,by,Hello Neighbor Hammer,https://api.sketchfab.com/v3/models/ed6973497d074fd6969fd06f52e8da04
d2b5ec0a040b4a11a9dca335464f0815,hammer,by,PB61 Hammer Hi,https://api.sketchfab.com/v3/models/d2b5ec0a040b4a11a9dca335464f0815
57b22ef720f64091ac5dec832f823be7,hammer,by,Old USSR Hammer,https://api.sketchfab.com/v3/models/57b22ef720f64091ac5dec832f823be7
e1d9171fef9e44c0bab4845502e4e297,hammer,by,Kirkhammer 1,https://api.sketchfab.com/v3/models/e1d9171fef9e44c0bab4845502e4e297
c478fc79f2d2468cbe5ef3186b86d0d6,hammer,by,Hammer 01,https://api.sketchfab.com/v3/models/c478fc79f2d2468cbe5ef3186b86d0d6
efbc56fc1bdb48e4b091d0494d6f2f0e,hammer,by-nc-sa,"Hammer from ""Drive"" movie (PBR)",https://api.sketchfab.com/v3/models/efbc56fc1bdb48e4b091d0494d6f2f0e
b70477cd4dc443d283130d9e9f469d81,hammer,by,Ancient Hammer of Angus McFife,https://api.sketchfab.com/v3/models/b70477cd4dc443d283130d9e9f469d81
ca8f44a6e173420593465f83c5e829ef,hammer,by-sa,Stoneage Axe,https://api.sketchfab.com/v3/models/ca8f44a6e173420593465f83c5e829ef
951a6c90207e4fe68162b231d918e3ef,hammer,by,Hammer Black,https://api.sketchfab.com/v3/models/951a6c90207e4fe68162b231d918e3ef
2e2aabf70b4342d8b87c38bd8f0d8a32,hammer,by,Dwarven Warhammer | Sculpting.,https://api.sketchfab.com/v3/models/2e2aabf70b4342d8b87c38bd8f0d8a32
bdb663c8be5e43fbb23522e994ae52d4,hammer,by,Hammer,https://api.sketchfab.com/v3/models/bdb663c8be5e43fbb23522e994ae52d4
39b03d18881f4ed393611ae7a6da742c,hammer,by,Martillo,https://api.sketchfab.com/v3/models/39b03d18881f4ed393611ae7a6da742c
21d30beafdd14c7aaedab5047f0707f6,hammer,by,Sledgehammer,https://api.sketchfab.com/v3/models/21d30beafdd14c7aaedab5047f0707f6
d9f074d6f0bd4a2f8d1bb100c2c72967,hammer,by,Stylised Hammer,https://api.sketchfab.com/v3/models/d9f074d6f0bd4a2f8d1bb100c2c72967
6d4c4411e9524e30a0a597706ffe3454,hammer,by-nc,Old Hammer,https://api.sketchfab.com/v3/models/6d4c4411e9524e30a0a597706ffe3454
be5595aa7e0b4aac8d92f4af0aab66b6,hammer,by,Superfuntimes Metal Hammer,https://api.sketchfab.com/v3/models/be5595aa7e0b4aac8d92f4af0aab66b6
85d105a7589641a5a239d49db0e36feb,hammer,by,Hammerboi,https://api.sketchfab.com/v3/models/85d105a7589641a5a239d49db0e36feb
e0fa281b98c44f098569706566e8de02,hammer,by,Thor Hammer,https://api.sketchfab.com/v3/models/e0fa281b98c44f098569706566e8de02
da8d3bb426ba4142962243b0394a40d1,hammer,by,Hammer,https://api.sketchfab.com/v3/models/da8d3bb426ba4142962243b0394a40d1
30c09497391d460894e7915a580fd60c,hammer,by,Low Poly Hammer,https://api.sketchfab.com/v3/models/30c09497391d460894e7915a580fd60c
4a3c93c80bc84efcbf5434b162ac1c8a,hammer,by,Hammer model c4d - free download,https://api.sketchfab.com/v3/models/4a3c93c80bc84efcbf5434b162ac1c8a
2c2b2d988c7f43708de7eacf110f4a9d,hammer,by,Sledge Hammer,https://api.sketchfab.com/v3/models/2c2b2d988c7f43708de7eacf110f4a9d
13f18f64c9bd4130b2f17c84832819ac,hammer,by,PB61 Hammer SM,https://api.sketchfab.com/v3/models/13f18f64c9bd4130b2f17c84832819ac
3ecbb2c1de924ae58f4fda67b3d160ad,hammer,by,Mjolnir,https://api.sketchfab.com/v3/models/3ecbb2c1de924ae58f4fda67b3d160ad
ce6c82f1f7cf4b04af854f8f53c55c2d,hammer,by,Hammer Final,https://api.sketchfab.com/v3/models/ce6c82f1f7cf4b04af854f8f53c55c2d
55abb97f9a854f76a8bc574780058c3a,hammer,by,Thor,https://api.sketchfab.com/v3/models/55abb97f9a854f76a8bc574780058c3a
c3dbcefe14454b1ca55bae8d1af032ab,hammer,by,Simple Old Hammer,https://api.sketchfab.com/v3/models/c3dbcefe14454b1ca55bae8d1af032ab
415372cfc8fc43adbaea05b1561ff803,hammer,by,Sci-fi Axe/Low-Poly,https://api.sketchfab.com/v3/models/415372cfc8fc43adbaea05b1561ff803
8223c2a7e90f44ae9d3aae0de389617d,hammer,by,Hammer,https://api.sketchfab.com/v3/models/8223c2a7e90f44ae9d3aae0de389617d
429bd43cb7464e29842fbc748572f32c,hammer,by,Prop Asset Hammer,https://api.sketchfab.com/v3/models/429bd43cb7464e29842fbc748572f32c
a61976950fe548a2b621fdd14b28538f,hammer,by,Gothic - 1H Hamm 3v2,https://api.sketchfab.com/v3/models/a61976950fe548a2b621fdd14b28538f
291f15c9c1754e4084a5655783efcbd8,hammer,by,Hammer,https://api.sketchfab.com/v3/models/291f15c9c1754e4084a5655783efcbd8
e1f901eaa02f4165894b355d5947ff38,hammer,by,Hammer,https://api.sketchfab.com/v3/models/e1f901eaa02f4165894b355d5947ff38
d5c861b423b84e13bf99550fec40d1e9,hammer,by,Hammer [Reduced Poly Count] [HQ],https://api.sketchfab.com/v3/models/d5c861b423b84e13bf99550fec40d1e9
1ad06283e4224d3aa033afb7c413b172,hammer,by,Hammer,https://api.sketchfab.com/v3/models/1ad06283e4224d3aa033afb7c413b172
71bbb09829ab48fabe127bd5a857db78,hammer,by,Stylized Mallet,https://api.sketchfab.com/v3/models/71bbb09829ab48fabe127bd5a857db78
cfe7657f86c84b2496dd60cf9e8bf4a6,hammer,by,Superfuntimes Cement Hammer!,https://api.sketchfab.com/v3/models/cfe7657f86c84b2496dd60cf9e8bf4a6
fae3562a5e564fd9ab315caf07be5818,hammer,by,Superfuntimes Stone  Hammer!,https://api.sketchfab.com/v3/models/fae3562a5e564fd9ab315caf07be5818
881b5895519047bea595b8731e5a0d52,mallet,by,Hammer,https://api.sketchfab.com/v3/models/881b5895519047bea595b8731e5a0d52
2e4f49f6b18943e6bb0b0ccd2b14312f,mallet,by,low poly hammer,https://api.sketchfab.com/v3/models/2e4f49f6b18943e6bb0b0ccd2b14312f
8bede92081044e219e9cba0b5e3753f9,mallet,by,Old Rusty Hammer,https://api.sketchfab.com/v3/models/8bede92081044e219e9cba0b5e3753f9
5acbf31e2ead426d8321e3e07fc53ad5,mallet,by,Hammer,https://api.sketchfab.com/v3/models/5acbf31e2ead426d8321e3e07fc53ad5
d880b744bd4c40fe84516c8b0306aa5d,mallet,by,Кувалда проба_2,https://api.sketchfab.com/v3/models/d880b744bd4c40fe84516c8b0306aa5d
048948358cf94472bd0946621a653709,mallet,by,Brick Hammer,https://api.sketchfab.com/v3/models/048948358cf94472bd0946621a653709
e36749656e714104bb6c626096184cfd,mallet,by,Hammer,https://api.sketchfab.com/v3/models/e36749656e714104bb6c626096184cfd
c37916c2514343b78e94c0a42308e204,mallet,by,hammer 3d model low poly free,https://api.sketchfab.com/v3/models/c37916c2514343b78e94c0a42308e204
57fc7be2efcd4284a9514f05dbb51942,mallet,by,Simple Sludge Hammer,https://api.sketchfab.com/v3/models/57fc7be2efcd4284a9514f05dbb51942
1a12c7951b90419c8e7b4f881231cd9f,mallet,by,Hammer,https://api.sketchfab.com/v3/models/1a12c7951b90419c8e7b4f881231cd9f
a914847c44fa40a685fafe211e118d93,mallet,by,War Hammer (Low poly),https://api.sketchfab.com/v3/models/a914847c44fa40a685fafe211e118d93
c1a16e82042943a8893013c0ec35843b,mallet,by,Axe,https://api.sketchfab.com/v3/models/c1a16e82042943a8893013c0ec35843b
e13212de348549a1bd3c3b7b18dbe7b9,mallet,by,Hammer Test High Poly,https://api.sketchfab.com/v3/models/e13212de348549a1bd3c3b7b18dbe7b9
e46fab2176ba4fe0bca2a105412dec24,mallet,by,Thor’s Hammer Mjolnir,https://api.sketchfab.com/v3/models/e46fab2176ba4fe0bca2a105412dec24
619c004f87e74191abbafe9395c22259,mallet,by,Hummer,https://api.sketchfab.com/v3/models/619c004f87e74191abbafe9395c22259
090857589888406c94b8c22b8198b110,mallet,by,JMeloDIG4780CAssignment6HammerProp,https://api.sketchfab.com/v3/models/090857589888406c94b8c22b8198b110
14c4dd4621df4a7695e7b56db623c69b,mallet,by,Martillos,https://api.sketchfab.com/v3/models/14c4dd4621df4a7695e7b56db623c69b
25aea220337a4d69a867c6da3edd8bce,mallet,by,Molot,https://api.sketchfab.com/v3/models/25aea220337a4d69a867c6da3edd8bce
69b5dd8cd11547a08bbdcf9a0eaa61ef,mallet,by,MARTILLO TEXTURA PROCEDURAL,https://api.sketchfab.com/v3/models/69b5dd8cd11547a08bbdcf9a0eaa61ef
efb1a7f8606b489da1ce48f09563b32b,mallet,by,Stone Axe,https://api.sketchfab.com/v3/models/efb1a7f8606b489da1ce48f09563b32b
3eb9db055c7246289feaa7f65bf5f4c4,mallet,by,Survival Melee Weapon 1,https://api.sketchfab.com/v3/models/3eb9db055c7246289feaa7f65bf5f4c4
9cea8555d8374beb96275aabe574be84,mallet,by,Mario's Hammer (Donkey Kong),https://api.sketchfab.com/v3/models/9cea8555d8374beb96275aabe574be84
9505179c04314ddc8728371b89e9a4c0,mallet,by,Iron Hammer,https://api.sketchfab.com/v3/models/9505179c04314ddc8728371b89e9a4c0
46bf504ab10d47c9991a5dd57d1798e6,mallet,by,HUMMER,https://api.sketchfab.com/v3/models/46bf504ab10d47c9991a5dd57d1798e6
5222cf9dedae4a31882281f6d7bada89,mallet,by,Stone Axe,https://api.sketchfab.com/v3/models/5222cf9dedae4a31882281f6d7bada89
c4d9a3466cf04aac8dc2e8ce044a860c,mallet,by,Axe 1,https://api.sketchfab.com/v3/models/c4d9a3466cf04aac8dc2e8ce044a860c
9b3d5631d1e844ddaf2ab3f388b5d4c0,mallet,by,Blacksmith hammer,https://api.sketchfab.com/v3/models/9b3d5631d1e844ddaf2ab3f388b5d4c0
8b224b9be2ec4874a3f20c3ba982fc47,mallet,by,Stone Age  [Minecraft],https://api.sketchfab.com/v3/models/8b224b9be2ec4874a3f20c3ba982fc47
c0255eaab80f487991971dcf6a7f1b99,mallet,by,Hammer,https://api.sketchfab.com/v3/models/c0255eaab80f487991971dcf6a7f1b99
5ac641426d3b4ee8854201f2f6a77a72,mallet,by,Hammer Low-Poly PBR Game Ready,https://api.sketchfab.com/v3/models/5ac641426d3b4ee8854201f2f6a77a72
ac029344ea9c41f8900b50e9a628444d,mallet,by,Used Big Beater Sledgehammer,https://api.sketchfab.com/v3/models/ac029344ea9c41f8900b50e9a628444d
eb2ae31bbb1d4e669efc990209438d72,mallet,by,Hammer,https://api.sketchfab.com/v3/models/eb2ae31bbb1d4e669efc990209438d72
2d2382ed02db4b4e962981114fcad746,mallet,by,Superfuntimes Rusty Metal Hammer,https://api.sketchfab.com/v3/models/2d2382ed02db4b4e962981114fcad746
c4f9899018744b58a2e63155f868eca7,mallet,by,Sledge,https://api.sketchfab.com/v3/models/c4f9899018744b58a2e63155f868eca7
609454d5168247168871bd422afec3b1,mallet,by,Hammer,https://api.sketchfab.com/v3/models/609454d5168247168871bd422afec3b1
6cc652b7d1d6494885fa26d15f4c093a,mallet,by,hammer,https://api.sketchfab.com/v3/models/6cc652b7d1d6494885fa26d15f4c093a
56694860ddf34f9daee3547ade1d95ae,mallet,by,Thor Hammer,https://api.sketchfab.com/v3/models/56694860ddf34f9daee3547ade1d95ae
05b8ddefe0ad45f7b9d42742cd549b11,mallet,by,Sledge hammer,https://api.sketchfab.com/v3/models/05b8ddefe0ad45f7b9d42742cd549b11
3feb90103dd6408796a9044a33c5e9fc,mallet,by,Copper Mallet,https://api.sketchfab.com/v3/models/3feb90103dd6408796a9044a33c5e9fc
8cfd79dc47cf42a9b9cba954098fecf4,mallet,by,Ball-peen Hammer,https://api.sketchfab.com/v3/models/8cfd79dc47cf42a9b9cba954098fecf4
af51c3fdfb0a403d988d0780ba7a6e30,mallet,by,Hammer [High Poly] [HD],https://api.sketchfab.com/v3/models/af51c3fdfb0a403d988d0780ba7a6e30
c3b30fc4e1c741ab936d8ab74f8b686b,mallet,by,Mallet,https://api.sketchfab.com/v3/models/c3b30fc4e1c741ab936d8ab74f8b686b
a93db43f956f440b840b5c93708f0281,mallet,by,War hammer,https://api.sketchfab.com/v3/models/a93db43f956f440b840b5c93708f0281
8950a553cd9b46b8b5ff5e9bc49746e2,mallet,by,Hammer,https://api.sketchfab.com/v3/models/8950a553cd9b46b8b5ff5e9bc49746e2
cce3dec670fc412b89a5ed963c79b7ca,mallet,by,Steel Claw Hammer,https://api.sketchfab.com/v3/models/cce3dec670fc412b89a5ed963c79b7ca
8ce246aff3544818a0f4406010703221,mallet,by,Stylish Hammer,https://api.sketchfab.com/v3/models/8ce246aff3544818a0f4406010703221
9af83288f33d4460a831228ce680f2ba,mallet,by,Stylized Hammer Game Ready Model,https://api.sketchfab.com/v3/models/9af83288f33d4460a831228ce680f2ba
6ef7605a83534b329e66745f1f920817,mallet,by,Axe,https://api.sketchfab.com/v3/models/6ef7605a83534b329e66745f1f920817
469b34e0f2114280b2a58e399585dd50,mallet,by,Hammer,https://api.sketchfab.com/v3/models/469b34e0f2114280b2a58e399585dd50
6635959084d74f8285220ce47d0b61da,mallet,by,Low Poly Hammer,https://api.sketchfab.com/v3/models/6635959084d74f8285220ce47d0b61da
fd2b4c7ca9b34d6d946bb32b4a4e1d4c,mallet,by,Wooden Mallet,https://api.sketchfab.com/v3/models/fd2b4c7ca9b34d6d946bb32b4a4e1d4c
bfcfe02939e34c91bf99deeaea6b5ee3,mallet,by,Cheapest Sludge Hammer,https://api.sketchfab.com/v3/models/bfcfe02939e34c91bf99deeaea6b5ee3
79d352623fcf4f3aa39ffae715e6b4a8,mallet,by,Hammer,https://api.sketchfab.com/v3/models/79d352623fcf4f3aa39ffae715e6b4a8
479ef462e6004fa382534f112f5b9404,mallet,by,Large Hammer,https://api.sketchfab.com/v3/models/479ef462e6004fa382534f112f5b9404
8e23b92742784ad0ac67d3906883a71d,mallet,by,Single Hand Sledge,https://api.sketchfab.com/v3/models/8e23b92742784ad0ac67d3906883a71d
e2102cea794741308c99cddfa2773d98,mallet,by,Old hammer,https://api.sketchfab.com/v3/models/e2102cea794741308c99cddfa2773d98
58be53d8a5ff49cf9ecc05679e4c8f75,mallet,by,Treklubbe,https://api.sketchfab.com/v3/models/58be53d8a5ff49cf9ecc05679e4c8f75
8d37590bd006428fbc690ea597f3efa9,mallet,by,Game Object,https://api.sketchfab.com/v3/models/8d37590bd006428fbc690ea597f3efa9
6d155e8051294915813e0c156e3cd6de,mallet,by,Hammer by EvolveGames,https://api.sketchfab.com/v3/models/6d155e8051294915813e0c156e3cd6de
fcd444c0e19e40f09ec612e8b68732e7,mallet,by,Superfuntimes Granite Hammer!,https://api.sketchfab.com/v3/models/fcd444c0e19e40f09ec612e8b68732e7
a0c69e27fa2a4f21ab0b2b4080e6ee92,mallet,by,Blacksmith's Hammer,https://api.sketchfab.com/v3/models/a0c69e27fa2a4f21ab0b2b4080e6ee92
e9d9f54942f64b6084fc9567a98ddde5,mallet,by,Hammer(arnold),https://api.sketchfab.com/v3/models/e9d9f54942f64b6084fc9567a98ddde5
9abe4e86a7bb4a4b8ede20d1b394feb7,mallet,by,A Normal Reguar Mallet,https://api.sketchfab.com/v3/models/9abe4e86a7bb4a4b8ede20d1b394feb7
b4e3fd74a3234d999fe2b8f97e170e63,mallet,by,Army_Hammer_02,https://api.sketchfab.com/v3/models/b4e3fd74a3234d999fe2b8f97e170e63
a66c812b381b4ac59774e24872719d1a,mallet,by,Sledgefinal,https://api.sketchfab.com/v3/models/a66c812b381b4ac59774e24872719d1a
eec78b30ad464f43a650b8dd853b8f83,mallet,by,Superfuntimes Obsidian Hammer!,https://api.sketchfab.com/v3/models/eec78b30ad464f43a650b8dd853b8f83
e097362e18c646afa96e90ec3b4c111b,mallet,by,Hammer 02,https://api.sketchfab.com/v3/models/e097362e18c646afa96e90ec3b4c111b
1645702377054cab9b0d9012c6a2e294,mallet,by,a small sledgehammer,https://api.sketchfab.com/v3/models/1645702377054cab9b0d9012c6a2e294
c8c26f18c26a44d89fc09299907a38ce,mallet,by,maso,https://api.sketchfab.com/v3/models/c8c26f18c26a44d89fc09299907a38ce
1d41de049cdf488192453c26c4081e80,mallet,by,Old hammer,https://api.sketchfab.com/v3/models/1d41de049cdf488192453c26c4081e80
673ae444d8854a14ae43f663d7b3304c,mallet,by,Thor Hammer,https://api.sketchfab.com/v3/models/673ae444d8854a14ae43f663d7b3304c
118f2109a1ac45a0a217d23ee6ed80a0,mallet,by,CC0 - Small Hammer,https://api.sketchfab.com/v3/models/118f2109a1ac45a0a217d23ee6ed80a0
375f3a55c7074b0faf72ef09c4e80913,mallet,by,Hammer,https://api.sketchfab.com/v3/models/375f3a55c7074b0faf72ef09c4e80913
34f011fa3f0e4cc3b01ba603dc6e0d20,mallet,by,Rubber Mallet,https://api.sketchfab.com/v3/models/34f011fa3f0e4cc3b01ba603dc6e0d20
4e656e7e7f5d4bbe9549e6f7b43868ca,mallet,by,Simple Hammer (Low Poly),https://api.sketchfab.com/v3/models/4e656e7e7f5d4bbe9549e6f7b43868ca
fbb8c1e6beae4b559c4f12aff3189df8,mallet,by,Thor Hammer,https://api.sketchfab.com/v3/models/fbb8c1e6beae4b559c4f12aff3189df8
a214e538fb1846d2881547dcbc9afdef,mallet,by,Hammer,https://api.sketchfab.com/v3/models/a214e538fb1846d2881547dcbc9afdef
65e61bb61a904da8b7688c55ac427825,mallet,by,Hammer,https://api.sketchfab.com/v3/models/65e61bb61a904da8b7688c55ac427825
2fcdabe9402746519036ffb1888c2ffb,mallet,by,hammer,https://api.sketchfab.com/v3/models/2fcdabe9402746519036ffb1888c2ffb
11931f4dd90f45c7b05bd0694bb6e747,frying_pan,by,Frying Pan,https://api.sketchfab.com/v3/models/11931f4dd90f45c7b05bd0694bb6e747
09c0e8587a1148548a85014c34ee76c7,frying_pan,by,Simple Frying Pan,https://api.sketchfab.com/v3/models/09c0e8587a1148548a85014c34ee76c7
127e434667c54313b9a9300404f7f8bd,frying_pan,by,Frying Pan Ø28cm,https://api.sketchfab.com/v3/models/127e434667c54313b9a9300404f7f8bd
a3a5af14a6ef47fea2e513140503df1a,frying_pan,by,Pan,https://api.sketchfab.com/v3/models/a3a5af14a6ef47fea2e513140503df1a
2c2ee6ce1deb42c2adc2e422d779b7e9,frying_pan,by,Pan,https://api.sketchfab.com/v3/models/2c2ee6ce1deb42c2adc2e422d779b7e9
ffebd77d0373462eb7c6d2d4941eb39c,frying_pan,by,Frying Pan Ø36cm,https://api.sketchfab.com/v3/models/ffebd77d0373462eb7c6d2d4941eb39c
dbac7c1a1a5f4b79a1cb8bdacdd42aff,frying_pan,by,Old Frying Pan,https://api.sketchfab.com/v3/models/dbac7c1a1a5f4b79a1cb8bdacdd42aff
4cbfd7400aa6477daa518b79712f1c43,frying_pan,by,Dirty Grunge Pan (Low Poly) (Game Ready),https://api.sketchfab.com/v3/models/4cbfd7400aa6477daa518b79712f1c43
dc063dd41013484190304d68ba0bcc3c,frying_pan,by,Paletta,https://api.sketchfab.com/v3/models/dc063dd41013484190304d68ba0bcc3c
f3a09aa627074470b6447479d95bfe70,frying_pan,by,Hello Neighbor Pan,https://api.sketchfab.com/v3/models/f3a09aa627074470b6447479d95bfe70
cba4bcda468540c7a3ff843b08f22412,frying_pan,by,CC0 - Pan 3,https://api.sketchfab.com/v3/models/cba4bcda468540c7a3ff843b08f22412
2517b867250643c482e0e316151ed758,frying_pan,by,"BAT3073A Pewter spoon, Batavia",https://api.sketchfab.com/v3/models/2517b867250643c482e0e316151ed758
bd8a50ef7f4848339a02371edc07e5af,frying_pan,by-nc,Frying pan,https://api.sketchfab.com/v3/models/bd8a50ef7f4848339a02371edc07e5af
1fdc84a7be2c4348b281490c89d76062,frying_pan,by,**FREE MODEL** Old Rusty Frying Pan,https://api.sketchfab.com/v3/models/1fdc84a7be2c4348b281490c89d76062
9bcc9cda7b4d4db79ee6d7d105207f3b,frying_pan,by,Pan,https://api.sketchfab.com/v3/models/9bcc9cda7b4d4db79ee6d7d105207f3b
85b9942d170a48cda257991821dc1175,frying_pan,by,Pubgpan,https://api.sketchfab.com/v3/models/85b9942d170a48cda257991821dc1175
a976c9fadff94869919f4210b887586f,frying_pan,by,Old frying pan,https://api.sketchfab.com/v3/models/a976c9fadff94869919f4210b887586f
b093c1c6676649668b7c34b1d9be22a6,frying_pan,by,pan,https://api.sketchfab.com/v3/models/b093c1c6676649668b7c34b1d9be22a6
7ed6400f0ed34108b07acbfe38428e9e,frying_pan,by,broken egg,https://api.sketchfab.com/v3/models/7ed6400f0ed34108b07acbfe38428e9e
e92f00ea8d6a48d38d591215142fa576,frying_pan,by,Pan,https://api.sketchfab.com/v3/models/e92f00ea8d6a48d38d591215142fa576
de918c5094e9407388283c1e6aae6ea3,frying_pan,by,Eye egg,https://api.sketchfab.com/v3/models/de918c5094e9407388283c1e6aae6ea3
e53e12ad33134875837c49c9bd84c740,frying_pan,by,Pan,https://api.sketchfab.com/v3/models/e53e12ad33134875837c49c9bd84c740
38dd2481ebbe4ed6b9d494cd2d1cfe30,frying_pan,by,Buevo frito,https://api.sketchfab.com/v3/models/38dd2481ebbe4ed6b9d494cd2d1cfe30
9c219d7d26ac47beaa46539a9a4fa8da,frying_pan,by,Frying Pan,https://api.sketchfab.com/v3/models/9c219d7d26ac47beaa46539a9a4fa8da
62a1514120e545068daddcfa37924eb3,frying_pan,by,Pan,https://api.sketchfab.com/v3/models/62a1514120e545068daddcfa37924eb3
ca31c4bb63104cde93de36a1d656619c,frying_pan,by,Cooking Pan Low Poly,https://api.sketchfab.com/v3/models/ca31c4bb63104cde93de36a1d656619c
ed5204a418314ab6b68c1472fe03a27e,frying_pan,by,Pan,https://api.sketchfab.com/v3/models/ed5204a418314ab6b68c1472fe03a27e
c268b7cb334b4d2a8ccfaad3219603b3,frying_pan,by,Wok_Homework10,https://api.sketchfab.com/v3/models/c268b7cb334b4d2a8ccfaad3219603b3
93576531af4b4a10ba88bdbde9347fd2,frying_pan,by-nc-sa,Pewter Bleeding Bowl,https://api.sketchfab.com/v3/models/93576531af4b4a10ba88bdbde9347fd2
ee5330b48f5642dea0fb8d6dd434f183,frying_pan,by-nc,Pàtera,https://api.sketchfab.com/v3/models/ee5330b48f5642dea0fb8d6dd434f183
0e8fde91fdb5413494e878b0fef85cda,frying_pan,by,Howl's Moving Castle Breakfast,https://api.sketchfab.com/v3/models/0e8fde91fdb5413494e878b0fef85cda
7b85f1393f244782b3eb2f9e9c4a521c,saucepan,by,Frying pan Runescape,https://api.sketchfab.com/v3/models/7b85f1393f244782b3eb2f9e9c4a521c
057934f97c4042e09a9882543dd5341e,saucepan,by,Coffee pot,https://api.sketchfab.com/v3/models/057934f97c4042e09a9882543dd5341e
e9bb779c489140518c4a9882636d1c8f,saucepan,by,PB123 Saucepan Low,https://api.sketchfab.com/v3/models/e9bb779c489140518c4a9882636d1c8f
c639151c15544b648b404d97e01dcfd7,saucepan,by,PB123 Saucepan Hi,https://api.sketchfab.com/v3/models/c639151c15544b648b404d97e01dcfd7
f77a7095794e460a8ba0b2a55f20a27c,saucepan,by,Old Metal Pot,https://api.sketchfab.com/v3/models/f77a7095794e460a8ba0b2a55f20a27c
bd22d0fcde954aeb8ac924f729f83a93,saucepan,by,cauldron,https://api.sketchfab.com/v3/models/bd22d0fcde954aeb8ac924f729f83a93
296a053b72944d5780ea58bb3780064d,saucepan,by,Cauldron Asset,https://api.sketchfab.com/v3/models/296a053b72944d5780ea58bb3780064d
4919df7f695f4a86a8385c26d2533569,saucepan,by,LeCreuset - Dutch Oven,https://api.sketchfab.com/v3/models/4919df7f695f4a86a8385c26d2533569
e2da46f23af54a7ca5bcaf7581dbfa6b,saucepan,by,Clean Coocked Pot bronze,https://api.sketchfab.com/v3/models/e2da46f23af54a7ca5bcaf7581dbfa6b
78aab521e9474ea4be8a76332cc93540,saucepan,by,Pan,https://api.sketchfab.com/v3/models/78aab521e9474ea4be8a76332cc93540
c1957e1339bb420b9d2d1a27125caef5,saucepan,by,Skovoroda4blend,https://api.sketchfab.com/v3/models/c1957e1339bb420b9d2d1a27125caef5
ed137be2b3f74b6bba9181902bd91bf8,saucepan,by,Pot,https://api.sketchfab.com/v3/models/ed137be2b3f74b6bba9181902bd91bf8
0f2ba5e3a05246f48abe54f87954e034,saucepan,by,Camping Pot,https://api.sketchfab.com/v3/models/0f2ba5e3a05246f48abe54f87954e034
c700f944b3eb4604867c4a52b5ebfbea,saucepan,by,Big Pot,https://api.sketchfab.com/v3/models/c700f944b3eb4604867c4a52b5ebfbea
31d0aa0f341b4cb0a229a5bb49c28475,saucepan,by,Japanese iron spoon,https://api.sketchfab.com/v3/models/31d0aa0f341b4cb0a229a5bb49c28475
fda8f9c3326745ac840f7115e50a8ce8,saucepan,by,Ikea Pot,https://api.sketchfab.com/v3/models/fda8f9c3326745ac840f7115e50a8ce8
c8c6b9fd04254a6489b3401696f60fc8,saucepan,by,Saucepan from Poly by Google,https://api.sketchfab.com/v3/models/c8c6b9fd04254a6489b3401696f60fc8
5072a6cbabee47d7b2d7b74865bbc03b,saucepan,by,Steel pot,https://api.sketchfab.com/v3/models/5072a6cbabee47d7b2d7b74865bbc03b
743a8da5f8ec4f289a5712853ea40bc8,saucepan,by,Funky Skillet Loft,https://api.sketchfab.com/v3/models/743a8da5f8ec4f289a5712853ea40bc8
817c6e54217f4277b6711fd5b217a609,saucepan,by-nc-sa,Pan with handle,https://api.sketchfab.com/v3/models/817c6e54217f4277b6711fd5b217a609
75f47fcc8a084983a874ba68298bb093,saucepan,by,XYZ Details part2,https://api.sketchfab.com/v3/models/75f47fcc8a084983a874ba68298bb093
490659ad59034d189124eef93ef83b4b,saucepan,by,Dove class old proposal - Spock Class,https://api.sketchfab.com/v3/models/490659ad59034d189124eef93ef83b4b
b2df9294d530400e814165917ca89b19,saucepan,by,CSpresso: Espresso Cup,https://api.sketchfab.com/v3/models/b2df9294d530400e814165917ca89b19
5c6ce39026554e48af672dedc4db3b38,saucepan,by,3g3 Canzani Jacopo Pentole,https://api.sketchfab.com/v3/models/5c6ce39026554e48af672dedc4db3b38
5252ba851ec44491a79a26c79a2827ad,saucepan,by,Bathroom2,https://api.sketchfab.com/v3/models/5252ba851ec44491a79a26c79a2827ad
a3a66d9208f141e79180072e9120d7ce,saucepan,by,frying pan,https://api.sketchfab.com/v3/models/a3a66d9208f141e79180072e9120d7ce
a424d9d80c264bbf98b403440f6c6031,teakettle,by,"Sat, 15 Jun 2019 19:32:22",https://api.sketchfab.com/v3/models/a424d9d80c264bbf98b403440f6c6031
1404fdd7009e457a99035d19bef06657,teakettle,by,"Thu, 25 Jul 2019 18:04:16",https://api.sketchfab.com/v3/models/1404fdd7009e457a99035d19bef06657
9f421abdda024750a42ff5932f3bacdd,teakettle,by,"Thu, 18 Jul 2019 19:01:38",https://api.sketchfab.com/v3/models/9f421abdda024750a42ff5932f3bacdd
a5def4decf18404cb999ca6b9e22fee2,teakettle,by,"Fri, 19 Apr 2019 18:36:40",https://api.sketchfab.com/v3/models/a5def4decf18404cb999ca6b9e22fee2
45db143ee7cf48f4803a5d7be9d9b865,teakettle,by,"Sat, 29 Jun 2019 19:03:36",https://api.sketchfab.com/v3/models/45db143ee7cf48f4803a5d7be9d9b865
75386b041bde489a9f164be51791d1db,teakettle,by,"Fri, 26 Oct 2018 18:19:52",https://api.sketchfab.com/v3/models/75386b041bde489a9f164be51791d1db
2f5d1ab0f339423f90d3cb856e80eda1,teakettle,by,"Sat, 29 Sep 2018 21:03:24",https://api.sketchfab.com/v3/models/2f5d1ab0f339423f90d3cb856e80eda1
3d7a17c78efb4b059d1cfcf65205509d,teakettle,by,"Tue, 16 Apr 2019 15:50:18",https://api.sketchfab.com/v3/models/3d7a17c78efb4b059d1cfcf65205509d
ae6833510f8f4e14b09477472ddbe3b8,teakettle,by,fd1543642bae528d001bf826fe28f978300cc00f,https://api.sketchfab.com/v3/models/ae6833510f8f4e14b09477472ddbe3b8
69a2bffb744248598ee21c61039b1aab,teakettle,by,"Sat, 06 Oct 2018 20:49:34",https://api.sketchfab.com/v3/models/69a2bffb744248598ee21c61039b1aab
c5792e9c68464dc0952a2ac9c463e1dc,teakettle,by,"Tue, 04 Dec 2018 19:43:22",https://api.sketchfab.com/v3/models/c5792e9c68464dc0952a2ac9c463e1dc
147ded687248466aadc5d0ced0f06367,teakettle,by,"Sat, 23 Mar 2019 15:32:08",https://api.sketchfab.com/v3/models/147ded687248466aadc5d0ced0f06367
561b8497a9044dd093c177db64a28043,teakettle,by,"Sun, 08 Sep 2019 18:23:32",https://api.sketchfab.com/v3/models/561b8497a9044dd093c177db64a28043
26933ed5bd29435ebdccc9bfd58b9d49,teakettle,by,"Tue, 13 Oct 2020 17:54:52",https://api.sketchfab.com/v3/models/26933ed5bd29435ebdccc9bfd58b9d49
8f14c1c884464034a6044a76c4471709,teakettle,by,"Fri, 09 Aug 2019 18:07:21",https://api.sketchfab.com/v3/models/8f14c1c884464034a6044a76c4471709
ae8965f525ac4521a3a5cdafc396101e,teakettle,by,"Sun, 21 Apr 2019 18:46:19",https://api.sketchfab.com/v3/models/ae8965f525ac4521a3a5cdafc396101e
d3307264b4b14e079ba5c861eeac839e,teakettle,by,TeaScroll Clubhouse - Teapot Prop,https://api.sketchfab.com/v3/models/d3307264b4b14e079ba5c861eeac839e
678336fcee8643bfbb3eb3e49a800798,teakettle,by,"Fri, 19 Apr 2019 20:38:33",https://api.sketchfab.com/v3/models/678336fcee8643bfbb3eb3e49a800798
73d7b6f9a0b7410b945205338b090566,teakettle,by,Teapot Drip 001,https://api.sketchfab.com/v3/models/73d7b6f9a0b7410b945205338b090566
4c30437c274647e99a5638675516b653,teakettle,by,"Thu, 25 Jul 2019 20:11:49",https://api.sketchfab.com/v3/models/4c30437c274647e99a5638675516b653
fcf202af53994465976aea36aa261940,teakettle,by,"Thu, 14 Mar 2019 23:03:25",https://api.sketchfab.com/v3/models/fcf202af53994465976aea36aa261940
713a1d5203a1423285c789fa0531ad62,teakettle,by,High Poly,https://api.sketchfab.com/v3/models/713a1d5203a1423285c789fa0531ad62
1f6844f5392f406483e4dbf36bb1ba67,teakettle,by,"Fri, 05 Jul 2019 19:45:21",https://api.sketchfab.com/v3/models/1f6844f5392f406483e4dbf36bb1ba67
cc2b9e63ef284a9cac2e3091b52a20fa,teakettle,by,"Sun, 13 Oct 2019 17:20:04",https://api.sketchfab.com/v3/models/cc2b9e63ef284a9cac2e3091b52a20fa
623372ba49f64f2a8cc5e5a8aaba9ca3,teakettle,by,"Fri, 27 Sep 2019 20:27:17",https://api.sketchfab.com/v3/models/623372ba49f64f2a8cc5e5a8aaba9ca3
78b047730cd34d90a018d1976fc5d5ac,teakettle,by,"Sat, 06 Apr 2019 16:24:34",https://api.sketchfab.com/v3/models/78b047730cd34d90a018d1976fc5d5ac
1f925d3e397846aa8e20eea433f47e8d,teakettle,by,"Thu, 28 Mar 2019 22:33:45",https://api.sketchfab.com/v3/models/1f925d3e397846aa8e20eea433f47e8d
659d2e4e1752459b874d63f2a8302aa1,teakettle,by,"Thu, 16 Aug 2018 22:20:10",https://api.sketchfab.com/v3/models/659d2e4e1752459b874d63f2a8302aa1
7824b6d021264d32a5fd7894021e9461,teakettle,by,"Tue, 16 Jul 2019 18:49:45",https://api.sketchfab.com/v3/models/7824b6d021264d32a5fd7894021e9461
5171200a96f84b3ead5761bbdd3dde33,teakettle,by,"Sat, 18 Aug 2018 18:03:26",https://api.sketchfab.com/v3/models/5171200a96f84b3ead5761bbdd3dde33
4dbedc82402f4c9fac945b1098e10bc8,teakettle,by,"Tue, 05 Feb 2019 18:51:10",https://api.sketchfab.com/v3/models/4dbedc82402f4c9fac945b1098e10bc8
22adabc71629423ca86406146293942b,teakettle,by,"Sat, 04 May 2019 20:59:07",https://api.sketchfab.com/v3/models/22adabc71629423ca86406146293942b
1844319d768f4d62a25eb33babea5903,teakettle,by,"Sat, 20 Jul 2019 21:01:52",https://api.sketchfab.com/v3/models/1844319d768f4d62a25eb33babea5903
88b2e129b55043c6aeb2a8c419ba62b4,teakettle,by,"Tue, 13 Oct 2020 17:10:39",https://api.sketchfab.com/v3/models/88b2e129b55043c6aeb2a8c419ba62b4
da394e8c38a84529a3b98729f1868c67,teakettle,by,"Sun, 30 Sep 2018 19:07:16",https://api.sketchfab.com/v3/models/da394e8c38a84529a3b98729f1868c67
29ea03d0fc854638b8f4ba397bab778d,teakettle,by,"Mon, 08 Jul 2019 13:21:28",https://api.sketchfab.com/v3/models/29ea03d0fc854638b8f4ba397bab778d
b939c4e88e124c51aa5bf88c16caeceb,teakettle,by,"Sat, 07 Nov 2020 19:45:35",https://api.sketchfab.com/v3/models/b939c4e88e124c51aa5bf88c16caeceb
768c6f65e91d4d0e94efe4cc496e6eed,teakettle,by,"Thu, 03 Oct 2019 21:13:32",https://api.sketchfab.com/v3/models/768c6f65e91d4d0e94efe4cc496e6eed
53d5d5e7871b4ef290d40a12b941ef0c,teakettle,by,"Thu, 01 Nov 2018 22:29:07",https://api.sketchfab.com/v3/models/53d5d5e7871b4ef290d40a12b941ef0c
70b545688f9e4b26a7253250352b7ffc,teakettle,by,"Sat, 22 Sep 2018 18:38:11",https://api.sketchfab.com/v3/models/70b545688f9e4b26a7253250352b7ffc
4c1a869fb8a940e5ac292530926b6cd4,teakettle,by,"Fri, 29 Mar 2019 19:12:41",https://api.sketchfab.com/v3/models/4c1a869fb8a940e5ac292530926b6cd4
e970b13897514109879976706967e75d,teakettle,by,"Sat, 04 May 2019 15:56:58",https://api.sketchfab.com/v3/models/e970b13897514109879976706967e75d
1230444ce2e149f4a76061ab1010f56e,teakettle,by,"Sun, 12 May 2019 15:39:10",https://api.sketchfab.com/v3/models/1230444ce2e149f4a76061ab1010f56e
1a6e9922c1d34fc1855ad3897bb09766,teakettle,by,"Tue, 12 Mar 2019 17:13:23",https://api.sketchfab.com/v3/models/1a6e9922c1d34fc1855ad3897bb09766
32ad2a78e2e14c1daa4ee8c4ee079fa0,teakettle,by,"Sun, 08 Mar 2020 18:10:25",https://api.sketchfab.com/v3/models/32ad2a78e2e14c1daa4ee8c4ee079fa0
0772a648d4af4f56a74999169bcebd57,teakettle,by,铁壶（575.1）,https://api.sketchfab.com/v3/models/0772a648d4af4f56a74999169bcebd57
1f726e02c1b44a2bb89cf2c2139d1b6b,teakettle,by,"Fri, 05 Jul 2019 18:14:45",https://api.sketchfab.com/v3/models/1f726e02c1b44a2bb89cf2c2139d1b6b
b0221d4072664797b6650080cd7acb40,teakettle,by,"Wed, 20 Mar 2019 19:25:45",https://api.sketchfab.com/v3/models/b0221d4072664797b6650080cd7acb40
b700b310e0f64567a47f554e3a2c465a,teakettle,by,"Sun, 15 Nov 2020 20:03:56",https://api.sketchfab.com/v3/models/b700b310e0f64567a47f554e3a2c465a
4781835143314e45a544c1eedc1e6daf,teakettle,by,Tetera,https://api.sketchfab.com/v3/models/4781835143314e45a544c1eedc1e6daf
9d1babf173c54843aba740e8f912aa90,teakettle,by,"Tue, 12 Mar 2019 18:25:46",https://api.sketchfab.com/v3/models/9d1babf173c54843aba740e8f912aa90
4ad7875fbdd24c58b8d0a197a401d75a,teakettle,by,"Sun, 12 May 2019 19:39:24",https://api.sketchfab.com/v3/models/4ad7875fbdd24c58b8d0a197a401d75a
21b1445e34ec4d0ab75758779e502137,teakettle,by,Tetera,https://api.sketchfab.com/v3/models/21b1445e34ec4d0ab75758779e502137
3dc9f840d2d648118551670bb9a5f0cc,teakettle,by,"Fri, 23 Oct 2020 18:32:35",https://api.sketchfab.com/v3/models/3dc9f840d2d648118551670bb9a5f0cc
0e840e66012544178fb372274c2ae340,teakettle,by,"Thu, 04 Oct 2018 23:01:04",https://api.sketchfab.com/v3/models/0e840e66012544178fb372274c2ae340
d38d1aa74aa6482ba574d9bb00088313,teakettle,by,HP(2),https://api.sketchfab.com/v3/models/d38d1aa74aa6482ba574d9bb00088313
9454ca47b3014acabdc5c930681715ad,teakettle,by,"Fri, 29 Mar 2019 17:06:38",https://api.sketchfab.com/v3/models/9454ca47b3014acabdc5c930681715ad
ba49973ae14744a999a53749667c9092,teakettle,by,1d630a71a19d59bf53447fa337efa2e4b11e67fd,https://api.sketchfab.com/v3/models/ba49973ae14744a999a53749667c9092
17c50676373c4dd392d0cab723e8f787,teakettle,by,"Sat, 20 Oct 2018 20:07:01",https://api.sketchfab.com/v3/models/17c50676373c4dd392d0cab723e8f787
4b9a943e117243b880fa4a7d1987dedb,teakettle,by,"Fri, 28 Jun 2019 20:03:53",https://api.sketchfab.com/v3/models/4b9a943e117243b880fa4a7d1987dedb
28c7af955b8547ce92264df91c1983d8,teakettle,by,"Sat, 20 Oct 2018 19:17:31",https://api.sketchfab.com/v3/models/28c7af955b8547ce92264df91c1983d8
725e84ffb4834360bb26287050a0ee63,teakettle,by,"Thu, 30 May 2019 17:25:52",https://api.sketchfab.com/v3/models/725e84ffb4834360bb26287050a0ee63
eb3d02aade5d4632a57a2ae2464eed52,teakettle,by,d910b9fea38f39e5f0455103511d0df4ab98d983,https://api.sketchfab.com/v3/models/eb3d02aade5d4632a57a2ae2464eed52
f8bc7bc415664c3c96f5abdea41945a0,teakettle,by,"Wed, 22 Jan 2020 20:42:38",https://api.sketchfab.com/v3/models/f8bc7bc415664c3c96f5abdea41945a0
b463d72bf3a84d45ab15243656023d84,teakettle,by,"Sat, 30 Mar 2019 17:59:17",https://api.sketchfab.com/v3/models/b463d72bf3a84d45ab15243656023d84
5bca086ba85f4a31b56762ef1947a0af,teakettle,by,"Sun, 26 May 2019 19:08:10",https://api.sketchfab.com/v3/models/5bca086ba85f4a31b56762ef1947a0af
310c51f6c6f7444994118c084b3b975f,teakettle,by,"Sat, 22 Sep 2018 16:53:29",https://api.sketchfab.com/v3/models/310c51f6c6f7444994118c084b3b975f
911fcbe1df084b58ac03d405d1c7bd94,teakettle,by,"Sat, 23 Feb 2019 19:34:07",https://api.sketchfab.com/v3/models/911fcbe1df084b58ac03d405d1c7bd94
705e1d09e2fd4f0797bc540b34561e24,teakettle,by,"Sat, 18 Jan 2020 20:15:13",https://api.sketchfab.com/v3/models/705e1d09e2fd4f0797bc540b34561e24
a362168e6de6429785c4eab863b6f516,wineglass,by,Copa Vino,https://api.sketchfab.com/v3/models/a362168e6de6429785c4eab863b6f516
d023a3d87fde4b809e31395999535935,wineglass,by,Wine Glass For Sketchfab,https://api.sketchfab.com/v3/models/d023a3d87fde4b809e31395999535935
93b709d60faf47edb4ff4bd238705c7e,wineglass,by,Wineglass,https://api.sketchfab.com/v3/models/93b709d60faf47edb4ff4bd238705c7e
aa2996808fc24e4eb19c449bf1655c85,wineglass,by,Wine glass from Poly by Google,https://api.sketchfab.com/v3/models/aa2996808fc24e4eb19c449bf1655c85
6a035d2105c64cbe80970066ae36e058,wineglass,by,Wine Glass,https://api.sketchfab.com/v3/models/6a035d2105c64cbe80970066ae36e058
36488daba956473086ea068102da7ea2,wineglass,by-sa,COPA,https://api.sketchfab.com/v3/models/36488daba956473086ea068102da7ea2
41bcb59567ff4d70a27d45264be06aae,wineglass,by,Taça de prata,https://api.sketchfab.com/v3/models/41bcb59567ff4d70a27d45264be06aae
ec5c00503b054a8685b67fe07a8302a7,wineglass,by,Wine Glass,https://api.sketchfab.com/v3/models/ec5c00503b054a8685b67fe07a8302a7
3db3beb46cfe43f489866f9d9b6897e2,wineglass,by,Wainglass,https://api.sketchfab.com/v3/models/3db3beb46cfe43f489866f9d9b6897e2
7368207bfc9c44f4ad874d0383bc7815,wineglass,by,Wine Glass Exported,https://api.sketchfab.com/v3/models/7368207bfc9c44f4ad874d0383bc7815
88024e9999094e2cb74ec1bb9d0b8c06,wineglass,by,Wine Glass,https://api.sketchfab.com/v3/models/88024e9999094e2cb74ec1bb9d0b8c06
549146fdc7024dac94ba5eee5dfbcb54,wineglass,by,Cup,https://api.sketchfab.com/v3/models/549146fdc7024dac94ba5eee5dfbcb54
dc707f81a94e48078069c6a463f59fcf,wineglass,by,Glass 1,https://api.sketchfab.com/v3/models/dc707f81a94e48078069c6a463f59fcf
53b9bc12a01c4b1688a4b560c9f5548d,wineglass,by,Wine glass,https://api.sketchfab.com/v3/models/53b9bc12a01c4b1688a4b560c9f5548d
e2b0113a985b43a1acdea9e0c58b9e11,wineglass,by,Glass Cup,https://api.sketchfab.com/v3/models/e2b0113a985b43a1acdea9e0c58b9e11
68d5d71da69349c4ad785594bddd2110,wineglass,by,WINE GLASS 1,https://api.sketchfab.com/v3/models/68d5d71da69349c4ad785594bddd2110
2f7c073c03db4812865aceaa34440fb8,wineglass,by,Chalice,https://api.sketchfab.com/v3/models/2f7c073c03db4812865aceaa34440fb8
aaae2ec8372c48ddadd6bb300ed11ae2,wineglass,by,Wine Glass,https://api.sketchfab.com/v3/models/aaae2ec8372c48ddadd6bb300ed11ae2
14a4745557e24661bbc1515ed3882dae,wineglass,by,White wine glass,https://api.sketchfab.com/v3/models/14a4745557e24661bbc1515ed3882dae
b729bf790a7e45fc94cdc6a159442e85,wineglass,by,GobletAndWine,https://api.sketchfab.com/v3/models/b729bf790a7e45fc94cdc6a159442e85
084edab3deea4ed7a447b5a7bae72590,wineglass,by,verre03 v1,https://api.sketchfab.com/v3/models/084edab3deea4ed7a447b5a7bae72590
dbe182eee98144ec8738b63802282354,wineglass,by,Wine Glass,https://api.sketchfab.com/v3/models/dbe182eee98144ec8738b63802282354
8be09b9d10ad4fb8a9e2125f1b6d69a7,wineglass,by,Grass Back,https://api.sketchfab.com/v3/models/8be09b9d10ad4fb8a9e2125f1b6d69a7
a92b6fa622a44a9b9f51888983b59dda,wineglass,by,高腳杯杯,https://api.sketchfab.com/v3/models/a92b6fa622a44a9b9f51888983b59dda
2dcd3f211ce2421781546914ab4152e1,wineglass,by,Wine Glass,https://api.sketchfab.com/v3/models/2dcd3f211ce2421781546914ab4152e1
a96f627b4f064580a8bfb6130118a686,wineglass,by,Tulip Wine Glass,https://api.sketchfab.com/v3/models/a96f627b4f064580a8bfb6130118a686
7e87642c9805464aacdd8c5bfe36a323,wineglass,by,Glass,https://api.sketchfab.com/v3/models/7e87642c9805464aacdd8c5bfe36a323
3577ed950fd1455693c0cd32cff56510,wineglass,by,Glas Exercise,https://api.sketchfab.com/v3/models/3577ed950fd1455693c0cd32cff56510
cf09ce0755614429a382551bea5960ae,wineglass,by,Wine Glass,https://api.sketchfab.com/v3/models/cf09ce0755614429a382551bea5960ae
772ffde4a0a245ae8823b01ff58cf22f,wineglass,by,Wine Glass from Poly by Google,https://api.sketchfab.com/v3/models/772ffde4a0a245ae8823b01ff58cf22f
d1fd6c28e8c54860946a5847f96df2ba,wineglass,by-sa,Wine glass,https://api.sketchfab.com/v3/models/d1fd6c28e8c54860946a5847f96df2ba
a1602bb5b94f4f0ebc2957893d3c679c,wineglass,by,Wine Glass,https://api.sketchfab.com/v3/models/a1602bb5b94f4f0ebc2957893d3c679c
b4a2639acde64ce6a930c4936e1654f0,wineglass,by,Vine Glass,https://api.sketchfab.com/v3/models/b4a2639acde64ce6a930c4936e1654f0
b02fe3f92dac468c9f2be8a88adf71db,wineglass,by,home work 6 Detailing version 2 wineglass,https://api.sketchfab.com/v3/models/b02fe3f92dac468c9f2be8a88adf71db
19b5d7a40e04470b92224f3909bbf4d4,wineglass,by,Wine Glass,https://api.sketchfab.com/v3/models/19b5d7a40e04470b92224f3909bbf4d4
1fbe388016e14a3399da4aeb21d5ceb5,wineglass,by,Part Studio 1,https://api.sketchfab.com/v3/models/1fbe388016e14a3399da4aeb21d5ceb5
1486d72b4fba43acb829b5064cd4723e,wineglass,by,Cup,https://api.sketchfab.com/v3/models/1486d72b4fba43acb829b5064cd4723e
f9a01be31553463d958a46e69211fa48,wineglass,by,Hock Wine Glass,https://api.sketchfab.com/v3/models/f9a01be31553463d958a46e69211fa48
7727eee3068d4e3d9fca0c77b8506485,wineglass,by,Wine Cup,https://api.sketchfab.com/v3/models/7727eee3068d4e3d9fca0c77b8506485
24ec0d2be06c42909185d287279ac42e,wineglass,by,Wine glasses,https://api.sketchfab.com/v3/models/24ec0d2be06c42909185d287279ac42e
3326222ad30846438660f7aefee9cffb,wineglass,by,Taças de vinho,https://api.sketchfab.com/v3/models/3326222ad30846438660f7aefee9cffb
afca0b1933b84b1dbebd1244f25e72fc,wineglass,by,Glass,https://api.sketchfab.com/v3/models/afca0b1933b84b1dbebd1244f25e72fc
6dcb26b8e33e450c8307e5cdd3b06fa2,wineglass,by,Glass,https://api.sketchfab.com/v3/models/6dcb26b8e33e450c8307e5cdd3b06fa2
50e8f209ee1b478e996f54b707c38715,wineglass,by,Wine Glass Low Poly And High Poly,https://api.sketchfab.com/v3/models/50e8f209ee1b478e996f54b707c38715
58d9accd2cfa4328a385c9a3ea2075fe,wineglass,by,Sergio Facenda Lopez Copa,https://api.sketchfab.com/v3/models/58d9accd2cfa4328a385c9a3ea2075fe
8c2dd7c421e2494b8acd73e9938a426c,wineglass,by,Champagne Glass #2 - DUS Architects,https://api.sketchfab.com/v3/models/8c2dd7c421e2494b8acd73e9938a426c
244625dadbc6452796e342271e12d79f,wineglass,by,Chardonnay Wine Glass,https://api.sketchfab.com/v3/models/244625dadbc6452796e342271e12d79f
2c843f62365b42feb94137f70582d7a7,wineglass,by,Glas,https://api.sketchfab.com/v3/models/2c843f62365b42feb94137f70582d7a7
88c1cc6d02fb49cfa35692b790134594,wineglass,by,Wine glass,https://api.sketchfab.com/v3/models/88c1cc6d02fb49cfa35692b790134594
a9937f5516dc435cb47d94d8103ee19d,wineglass,by,Wine Glass,https://api.sketchfab.com/v3/models/a9937f5516dc435cb47d94d8103ee19d
08c963100b6b466f9613c61925284f4c,wineglass,by,Wine glass from Poly by Google,https://api.sketchfab.com/v3/models/08c963100b6b466f9613c61925284f4c
f98286e3c31248af8645963bae4c7868,wineglass,by,Kieliszek PM,https://api.sketchfab.com/v3/models/f98286e3c31248af8645963bae4c7868
3883d1fa36dc4030a9754366e6d35774,wineglass,by,VINUM EXTREME CHARDONNAY,https://api.sketchfab.com/v3/models/3883d1fa36dc4030a9754366e6d35774
f0f8fd0862e24f95b0044c0423ec1ce2,wineglass,by,wine glass,https://api.sketchfab.com/v3/models/f0f8fd0862e24f95b0044c0423ec1ce2
2a80bf7b6d494e42ab626d66cf49a944,wineglass,by,Taca,https://api.sketchfab.com/v3/models/2a80bf7b6d494e42ab626d66cf49a944
480cfc5b09ce4a1bb6b262e3686077c7,wineglass,by,Wine Glass,https://api.sketchfab.com/v3/models/480cfc5b09ce4a1bb6b262e3686077c7
071123d3a3a0452fbc3a560c5eddbd93,wineglass,by,Wine Glass,https://api.sketchfab.com/v3/models/071123d3a3a0452fbc3a560c5eddbd93
64c1b93f2465451b920176b7ad676a95,wineglass,by,Wine Glasses,https://api.sketchfab.com/v3/models/64c1b93f2465451b920176b7ad676a95
eff6e370ce5949e5b7bb613b306df711,wineglass,by,Glass,https://api.sketchfab.com/v3/models/eff6e370ce5949e5b7bb613b306df711
0772bd240afb4595a6c61e8ebff4541d,wineglass,by,Wine glass,https://api.sketchfab.com/v3/models/0772bd240afb4595a6c61e8ebff4541d
56414f33231949beaf58e05095e1acbe,wineglass,by,Glasses,https://api.sketchfab.com/v3/models/56414f33231949beaf58e05095e1acbe
db78e34fa9ba49f1b7a4abaa3eb7431d,wineglass,by,Goblet,https://api.sketchfab.com/v3/models/db78e34fa9ba49f1b7a4abaa3eb7431d
cfee66951a2d42af908f6829676cc369,wineglass,by-nc-sa,yet another glass,https://api.sketchfab.com/v3/models/cfee66951a2d42af908f6829676cc369
b88c3c8225a249f289b256fcf5ba8729,wineglass,by,Madeira Wine Glass,https://api.sketchfab.com/v3/models/b88c3c8225a249f289b256fcf5ba8729
782ff2fff45f49e79c9bbc7e8cf49da0,wineglass,by,FoodTent Glass of Wine,https://api.sketchfab.com/v3/models/782ff2fff45f49e79c9bbc7e8cf49da0
67981a3bcd6c4dfca90f6d1a55104d44,wineglass,by,GinAmerica2,https://api.sketchfab.com/v3/models/67981a3bcd6c4dfca90f6d1a55104d44
0367336574904207b7386f39f631750f,wineglass,by,Wine Glass,https://api.sketchfab.com/v3/models/0367336574904207b7386f39f631750f
b9349e58e44c4858b0dd01e815be94d0,wineglass,by,Champagne glass,https://api.sketchfab.com/v3/models/b9349e58e44c4858b0dd01e815be94d0
85afbcacafbe42b893f1d5aed06eb379,wineglass,by,For All Those Wine Drinkers Out There,https://api.sketchfab.com/v3/models/85afbcacafbe42b893f1d5aed06eb379
4ef2ec7867e947d983a723f73c678d5e,wineglass,by,Wineglass Low,https://api.sketchfab.com/v3/models/4ef2ec7867e947d983a723f73c678d5e
307666f827cb41278cefbdd3c8da03c1,wineglass,by,wine glass,https://api.sketchfab.com/v3/models/307666f827cb41278cefbdd3c8da03c1
2bef0fa71cde4348acdd067f3b5d5b57,wineglass,by,Wine Cup,https://api.sketchfab.com/v3/models/2bef0fa71cde4348acdd067f3b5d5b57
d16cd4c9fbea42e489fe7a5753513984,wineglass,by,The Wine Glass,https://api.sketchfab.com/v3/models/d16cd4c9fbea42e489fe7a5753513984
669bd4fe31d74967aee740a825ebef94,wineglass,by,Part Studio 1,https://api.sketchfab.com/v3/models/669bd4fe31d74967aee740a825ebef94
00785dade17c470c90a14c90b75b896c,wineglass,by,Glass,https://api.sketchfab.com/v3/models/00785dade17c470c90a14c90b75b896c
d92f521bc1bf448aa0d5fea93ecc44b2,wineglass,by,Sauternes Wine Glass,https://api.sketchfab.com/v3/models/d92f521bc1bf448aa0d5fea93ecc44b2
953eab03e608463197bc3665c2c35c7e,wineglass,by,Wineglass,https://api.sketchfab.com/v3/models/953eab03e608463197bc3665c2c35c7e
16c43e9c3334470eba73f5f08cda2686,wineglass,by,Part Studio 1,https://api.sketchfab.com/v3/models/16c43e9c3334470eba73f5f08cda2686
eddf3122062d4215b83cdd59fd1be4d3,wineglass,by,Pion C,https://api.sketchfab.com/v3/models/eddf3122062d4215b83cdd59fd1be4d3
018dab01b31949318128504332f649d9,wineglass,by,Wine Glass,https://api.sketchfab.com/v3/models/018dab01b31949318128504332f649d9
d343ce86763d4d35aef94c2c151eb36b,wineglass,by,Wine Glass,https://api.sketchfab.com/v3/models/d343ce86763d4d35aef94c2c151eb36b
d4febbe416104e9ea90cbe3e73c64250,wineglass,by,Wineglasses,https://api.sketchfab.com/v3/models/d4febbe416104e9ea90cbe3e73c64250
f5a15ee9d42b4154b8e66541b9ae1a0f,wineglass,by,Wine Cup,https://api.sketchfab.com/v3/models/f5a15ee9d42b4154b8e66541b9ae1a0f
77e8b5ee3f774a969681357a0205e2f8,wineglass,by,wineglassexport,https://api.sketchfab.com/v3/models/77e8b5ee3f774a969681357a0205e2f8
5f5a6ff122c64b4e86a21642dc6ed391,wineglass,by,Wineglassexport,https://api.sketchfab.com/v3/models/5f5a6ff122c64b4e86a21642dc6ed391
e7415a59aaec40edba7a0eb32057fd03,wineglass,by,Wine Glass,https://api.sketchfab.com/v3/models/e7415a59aaec40edba7a0eb32057fd03
1fa57770b4ab4581b65638e2ef31d66c,wineglass,by,Wineglass Low,https://api.sketchfab.com/v3/models/1fa57770b4ab4581b65638e2ef31d66c
9c61ab86b73740ed85d2d298be703a08,wineglass,by,Wineglass Low,https://api.sketchfab.com/v3/models/9c61ab86b73740ed85d2d298be703a08
55305f6a763d47b6b8c6a5896eed98c7,wineglass,by,Fine Wine Glass,https://api.sketchfab.com/v3/models/55305f6a763d47b6b8c6a5896eed98c7
fa0a1b14ea0b43b580c55e5d2478f9ce,wineglass,by,Wineglass Low,https://api.sketchfab.com/v3/models/fa0a1b14ea0b43b580c55e5d2478f9ce
c887f92d3d9441b7b46f4ed25476139c,wineglass,by,The_GLass,https://api.sketchfab.com/v3/models/c887f92d3d9441b7b46f4ed25476139c
20f5a6ebac4a4173a63cb315b280b284,wineglass,by,Glas_02,https://api.sketchfab.com/v3/models/20f5a6ebac4a4173a63cb315b280b284
851aaf35f79b457fb62cc693b6e08518,wineglass,by,Wine Glass,https://api.sketchfab.com/v3/models/851aaf35f79b457fb62cc693b6e08518
9cd61226d8d64d549df0c9974d4460ab,wineglass,by,Wineglass High,https://api.sketchfab.com/v3/models/9cd61226d8d64d549df0c9974d4460ab
be365d4a32184764abc4634c1280e6da,wineglass,by,Wine Glass,https://api.sketchfab.com/v3/models/be365d4a32184764abc4634c1280e6da
35525efda19e43aeae566e8caf93545f,wineglass,by,TABLEART,https://api.sketchfab.com/v3/models/35525efda19e43aeae566e8caf93545f
aec2924a4e9f44f9ad569717301e30ec,wineglass,by,Wine Glass,https://api.sketchfab.com/v3/models/aec2924a4e9f44f9ad569717301e30ec
ce77ffb41a4c4ddeaee066cb6855d715,wineglass,by,Wine Glass,https://api.sketchfab.com/v3/models/ce77ffb41a4c4ddeaee066cb6855d715
e9b75b70e22b49f2975f9fc9d3691af0,wineglass,by,Alsace Wine Glass,https://api.sketchfab.com/v3/models/e9b75b70e22b49f2975f9fc9d3691af0
d0a816a10d734fb8ba77d5bb37181c4e,wineglass,by,Wineglass,https://api.sketchfab.com/v3/models/d0a816a10d734fb8ba77d5bb37181c4e
8554e0ea4ea24c6d94399e8785bb8de3,wineglass,by,Wineglass,https://api.sketchfab.com/v3/models/8554e0ea4ea24c6d94399e8785bb8de3
89c76529d15a424fba5b47c2c572a18b,pitcher_(vessel_for_liquid),by,"Wed, 20 Mar 2019 17:57:48",https://api.sketchfab.com/v3/models/89c76529d15a424fba5b47c2c572a18b
b93b4879f2d94fc087f9cfd6d567cc83,pitcher_(vessel_for_liquid),by,Isolation Creation XI: Travel Souvenirs,https://api.sketchfab.com/v3/models/b93b4879f2d94fc087f9cfd6d567cc83
5b9b2c2da2474642bf72393c58f3b1b9,pitcher_(vessel_for_liquid),by,Βάζο Αγιάσου (Λέσβος),https://api.sketchfab.com/v3/models/5b9b2c2da2474642bf72393c58f3b1b9
e06d427214d548da8926d2c79bcefe44,pitcher_(vessel_for_liquid),by-nc-sa,170921_192853_WLA,https://api.sketchfab.com/v3/models/e06d427214d548da8926d2c79bcefe44
aa51dbfa9cc24755b9382be28fc59ad5,pitcher_(vessel_for_liquid),by,Vas bitronconic din Pecica,https://api.sketchfab.com/v3/models/aa51dbfa9cc24755b9382be28fc59ad5
ddefbf484ee443e9b9506769745e6f09,pitcher_(vessel_for_liquid),by,Kuvschin,https://api.sketchfab.com/v3/models/ddefbf484ee443e9b9506769745e6f09
56fb5d352e964269b0263ab701dec0de,pitcher_(vessel_for_liquid),by,01- Dressel Amphora,https://api.sketchfab.com/v3/models/56fb5d352e964269b0263ab701dec0de
78aba4176b184cf2b1ca176502a35137,pitcher_(vessel_for_liquid),by,"Fri, 19 Jul 2019 18:48:18",https://api.sketchfab.com/v3/models/78aba4176b184cf2b1ca176502a35137
8831948aaa4449e5b164c62b10e4be6d,pitcher_(vessel_for_liquid),by,Vaso Grego Panathenaic Amphora LowPoly,https://api.sketchfab.com/v3/models/8831948aaa4449e5b164c62b10e4be6d
dd2bb2b0034b495385367529829eb211,pitcher_(vessel_for_liquid),by,Vaso Grego Panathenaic Amphora Highpoly,https://api.sketchfab.com/v3/models/dd2bb2b0034b495385367529829eb211
b7bf1f664a044201826cd0763003e259,pitcher_(vessel_for_liquid),by,Jarrita,https://api.sketchfab.com/v3/models/b7bf1f664a044201826cd0763003e259
90d1d5896adc45fc932a3903c2a65b1c,pitcher_(vessel_for_liquid),by,1+2,https://api.sketchfab.com/v3/models/90d1d5896adc45fc932a3903c2a65b1c
321c736059ef42d2909dcaf10a8c25d8,pitcher_(vessel_for_liquid),by,"Sun, 19 Jan 2020 19:20:17",https://api.sketchfab.com/v3/models/321c736059ef42d2909dcaf10a8c25d8
dceb864f7786497ba4598d0b107ae533,pitcher_(vessel_for_liquid),by,"Wed, 31 Oct 2018 16:06:54",https://api.sketchfab.com/v3/models/dceb864f7786497ba4598d0b107ae533
89039ea7c094485484be35acbf0f6db3,pitcher_(vessel_for_liquid),by,Jarra Fajalauza-HD (11),https://api.sketchfab.com/v3/models/89039ea7c094485484be35acbf0f6db3
4e03a02d6bde492fbc8804b2e5b15c2d,pitcher_(vessel_for_liquid),by,Copper Pot 3,https://api.sketchfab.com/v3/models/4e03a02d6bde492fbc8804b2e5b15c2d
ba11f0bcd7c44f4cadafa4a91f964214,pitcher_(vessel_for_liquid),by,Medieval Jug Lowpoly OBJ,https://api.sketchfab.com/v3/models/ba11f0bcd7c44f4cadafa4a91f964214
73fb3b3315bc478d9068e959ebb1d5e5,pitcher_(vessel_for_liquid),by,Botella de cerámica. Inca,https://api.sketchfab.com/v3/models/73fb3b3315bc478d9068e959ebb1d5e5
6ebf56eaade94c5dbbb662cf434ea58b,pitcher_(vessel_for_liquid),by-nc,Amphora,https://api.sketchfab.com/v3/models/6ebf56eaade94c5dbbb662cf434ea58b
22b5a2f013234bf58bce842a05a3ade7,pitcher_(vessel_for_liquid),by,Clay Carafe - Medieval Game Props Series,https://api.sketchfab.com/v3/models/22b5a2f013234bf58bce842a05a3ade7
5ed35a4df6324ec38e4b8806ee14a24c,pitcher_(vessel_for_liquid),cc0,Can,https://api.sketchfab.com/v3/models/5ed35a4df6324ec38e4b8806ee14a24c
07bf31bcaadd47359b30a6a00b618a35,pitcher_(vessel_for_liquid),by,"Sun, 19 Aug 2018 18:32:39",https://api.sketchfab.com/v3/models/07bf31bcaadd47359b30a6a00b618a35
bd8d97ccfc3d43d09d27034e1a9edf31,pitcher_(vessel_for_liquid),by,Agora F65-66 Amphora (ADS DR571),https://api.sketchfab.com/v3/models/bd8d97ccfc3d43d09d27034e1a9edf31
791c9a8942d945369f9f6273a96e697c,pitcher_(vessel_for_liquid),by,Vase Object 1,https://api.sketchfab.com/v3/models/791c9a8942d945369f9f6273a96e697c
afe4c17b12e84f8190e142db758f2311,pitcher_(vessel_for_liquid),by,Viking Beaker,https://api.sketchfab.com/v3/models/afe4c17b12e84f8190e142db758f2311
5a3b50e19e5342c0aaf713f9b3f33527,pitcher_(vessel_for_liquid),by,Livingstone J Weapon Final,https://api.sketchfab.com/v3/models/5a3b50e19e5342c0aaf713f9b3f33527
3f7a9c26fff14bb99c130bb52a405326,pitcher_(vessel_for_liquid),by,Beer Mug - By Velivian Fesothe,https://api.sketchfab.com/v3/models/3f7a9c26fff14bb99c130bb52a405326
3cab709105184154be74c2bd6eb9ef9b,pitcher_(vessel_for_liquid),by,Lata_de_Agua (1),https://api.sketchfab.com/v3/models/3cab709105184154be74c2bd6eb9ef9b
b3afce7367c74c6aae355f7db4ef2ac7,pitcher_(vessel_for_liquid),by,vaso manici,https://api.sketchfab.com/v3/models/b3afce7367c74c6aae355f7db4ef2ac7
dbebc9fbcf2a45c1b983d91c416fd87e,pitcher_(vessel_for_liquid),by,Lata_de_Agua_Arthur,https://api.sketchfab.com/v3/models/dbebc9fbcf2a45c1b983d91c416fd87e
2c60fb7ca1e04933a61f578ee7a02c44,pitcher_(vessel_for_liquid),by,Agora M54B Amphora (ADS DR264),https://api.sketchfab.com/v3/models/2c60fb7ca1e04933a61f578ee7a02c44
4e8dec7f7e844a1e8661bedff3df4ee9,pitcher_(vessel_for_liquid),by,Amphorea,https://api.sketchfab.com/v3/models/4e8dec7f7e844a1e8661bedff3df4ee9
b4103c80ca2649ecbdc328d0d64da1ba,pitcher_(vessel_for_liquid),by,water jug - cruche d'eau,https://api.sketchfab.com/v3/models/b4103c80ca2649ecbdc328d0d64da1ba
90cfde2775c04ec48f9bafd98131e808,pitcher_(vessel_for_liquid),by,PB55 Kettle SM,https://api.sketchfab.com/v3/models/90cfde2775c04ec48f9bafd98131e808
3758db264c354e48aa076bce6c6c83f6,pitcher_(vessel_for_liquid),by,Jarra de Sor Teresa Chikaba,https://api.sketchfab.com/v3/models/3758db264c354e48aa076bce6c6c83f6
6c4678505d8348c498199b23c17bf18e,pitcher_(vessel_for_liquid),by,Watering-pot of the rose-type,https://api.sketchfab.com/v3/models/6c4678505d8348c498199b23c17bf18e
9a3c5536f58944f8a64d0e7d9b64e205,pitcher_(vessel_for_liquid),by,Vase | Object 7 VALENTINA,https://api.sketchfab.com/v3/models/9a3c5536f58944f8a64d0e7d9b64e205
217b4cdaa793475597e2a09adda50fa1,pitcher_(vessel_for_liquid),cc0,Jarro Pato,https://api.sketchfab.com/v3/models/217b4cdaa793475597e2a09adda50fa1
cd46d738c59248ab87278bdd1e8f0175,pitcher_(vessel_for_liquid),by,Anphora Published,https://api.sketchfab.com/v3/models/cd46d738c59248ab87278bdd1e8f0175
d4fe2d0a59a547989d3adc8f3e87a221,pitcher_(vessel_for_liquid),cc0,Vasija Vergel,https://api.sketchfab.com/v3/models/d4fe2d0a59a547989d3adc8f3e87a221
e77092787ecd48389d0239ab983f5a6e,pitcher_(vessel_for_liquid),by,Jug from Poly by Google,https://api.sketchfab.com/v3/models/e77092787ecd48389d0239ab983f5a6e
9926c2a955ce4529858a57fd0f9d60d4,pitcher_(vessel_for_liquid),by,VaseHandles,https://api.sketchfab.com/v3/models/9926c2a955ce4529858a57fd0f9d60d4
f30c5bbb75ec4639beec552a6f2a1fd6,pitcher_(vessel_for_liquid),by,Cracked Vase,https://api.sketchfab.com/v3/models/f30c5bbb75ec4639beec552a6f2a1fd6
0a122f8d1a954276bda739ea64b1d9c3,pitcher_(vessel_for_liquid),by,Useless Mug,https://api.sketchfab.com/v3/models/0a122f8d1a954276bda739ea64b1d9c3
4b43e1aafc9147e282a7ac34580d62bc,pitcher_(vessel_for_liquid),by,Delonghi-kettle,https://api.sketchfab.com/v3/models/4b43e1aafc9147e282a7ac34580d62bc
a4d92dcd462b4c5aabc7a61392632314,pitcher_(vessel_for_liquid),cc0,"Schnabelkanne, beak-spouted flagon",https://api.sketchfab.com/v3/models/a4d92dcd462b4c5aabc7a61392632314
9e6bf6383ed947b1b04e0f286c1f9ee7,pitcher_(vessel_for_liquid),by,RK17 A00029 Jug (Neck),https://api.sketchfab.com/v3/models/9e6bf6383ed947b1b04e0f286c1f9ee7
0723d6edc23d496e871e417ecc0e0aef,pitcher_(vessel_for_liquid),by,Cántaro (S. Xinés de Bamio),https://api.sketchfab.com/v3/models/0723d6edc23d496e871e417ecc0e0aef
885b3b0d17be4bf29edb69d9000d1e0a,pitcher_(vessel_for_liquid),by,Teapot Mnr0006,https://api.sketchfab.com/v3/models/885b3b0d17be4bf29edb69d9000d1e0a
07f3c0290fb040bc9e31ec894e50b1dc,pitcher_(vessel_for_liquid),by,"Fri, 08 Mar 2019 00:31:32",https://api.sketchfab.com/v3/models/07f3c0290fb040bc9e31ec894e50b1dc
dfb617297db941caa15c119a3fc3317a,pitcher_(vessel_for_liquid),by,céramique_ Tunisia,https://api.sketchfab.com/v3/models/dfb617297db941caa15c119a3fc3317a
b169f72f34da484f9713875e78a58b32,pitcher_(vessel_for_liquid),by,Boston0404 Rocket Fin01,https://api.sketchfab.com/v3/models/b169f72f34da484f9713875e78a58b32
da51e997bd06416c80f6e0e379945281,pitcher_(vessel_for_liquid),by,Old Metal Mug,https://api.sketchfab.com/v3/models/da51e997bd06416c80f6e0e379945281
04eebb0543df40bda1034ddefe0047f8,pitcher_(vessel_for_liquid),by,jug,https://api.sketchfab.com/v3/models/04eebb0543df40bda1034ddefe0047f8
bba458a4a294440b95c7fe486d3a3d45,pitcher_(vessel_for_liquid),by,Electronic Kettle,https://api.sketchfab.com/v3/models/bba458a4a294440b95c7fe486d3a3d45
d7918fab9b774f10b9fbeffdfaf27616,pitcher_(vessel_for_liquid),by,Etruscan Jar - Replica,https://api.sketchfab.com/v3/models/d7918fab9b774f10b9fbeffdfaf27616
5ee4647f7994413d80652e10090d380d,pitcher_(vessel_for_liquid),by,POLYCARBONATE MUG,https://api.sketchfab.com/v3/models/5ee4647f7994413d80652e10090d380d
3eea6c64f2bd4376b5737bb09a3ac852,pitcher_(vessel_for_liquid),by,Middle Age Byzantine Amphora,https://api.sketchfab.com/v3/models/3eea6c64f2bd4376b5737bb09a3ac852
40782e7b182b4cad847ee222c1d5bc4d,pitcher_(vessel_for_liquid),by,Anfora,https://api.sketchfab.com/v3/models/40782e7b182b4cad847ee222c1d5bc4d
374fa73d8225480e95e20660915c12b0,pitcher_(vessel_for_liquid),cc0,Jarro ornitomorfo,https://api.sketchfab.com/v3/models/374fa73d8225480e95e20660915c12b0
0bcf19caea0d40f9903929300887a59e,pitcher_(vessel_for_liquid),by,Nabataean painted juglet (imitation),https://api.sketchfab.com/v3/models/0bcf19caea0d40f9903929300887a59e
a730a7bcef48485eabdaeef866db989a,pitcher_(vessel_for_liquid),by,Garbage pail,https://api.sketchfab.com/v3/models/a730a7bcef48485eabdaeef866db989a
c3b02c96515d4e259b467a3453950e83,pitcher_(vessel_for_liquid),by,Cup,https://api.sketchfab.com/v3/models/c3b02c96515d4e259b467a3453950e83
93c594a9cda145a7b799394860d542d6,pitcher_(vessel_for_liquid),by,Cupholder,https://api.sketchfab.com/v3/models/93c594a9cda145a7b799394860d542d6
ff356a4bb6264da29d0d6cffa99281eb,pitcher_(vessel_for_liquid),by,Garden can,https://api.sketchfab.com/v3/models/ff356a4bb6264da29d0d6cffa99281eb
940c5278bbb44e8f9725c0228556e493,pitcher_(vessel_for_liquid),by,03- Dressel Amphora,https://api.sketchfab.com/v3/models/940c5278bbb44e8f9725c0228556e493
c0f9a483f9724e629061691c80fe3746,pitcher_(vessel_for_liquid),by,Jug,https://api.sketchfab.com/v3/models/c0f9a483f9724e629061691c80fe3746
dd1436c8136541438bcf131f0cd25d54,pitcher_(vessel_for_liquid),by-sa,Glass Pitcher,https://api.sketchfab.com/v3/models/dd1436c8136541438bcf131f0cd25d54
0a3fa07a6c244500941b2a747d290046,pitcher_(vessel_for_liquid),by,Vase,https://api.sketchfab.com/v3/models/0a3fa07a6c244500941b2a747d290046
bd7100c5d3964b52943878fcf01220f2,pitcher_(vessel_for_liquid),by,Jarra LP,https://api.sketchfab.com/v3/models/bd7100c5d3964b52943878fcf01220f2
ed3591dbf22d49d88591f777cc64b905,pitcher_(vessel_for_liquid),by,RK17 A00033 Pewter Tankard,https://api.sketchfab.com/v3/models/ed3591dbf22d49d88591f777cc64b905
1804b2bf872e4b998a9a08732a83a05f,pitcher_(vessel_for_liquid),by,CAFETIERA_c4d,https://api.sketchfab.com/v3/models/1804b2bf872e4b998a9a08732a83a05f
52ebceafc8af4f2ab527e9a5a454998f,pitcher_(vessel_for_liquid),by,Schlepper Warnemünder Bucht - Kanne,https://api.sketchfab.com/v3/models/52ebceafc8af4f2ab527e9a5a454998f
91c3244d836d4a47bb1ebe0a002af4cc,screwdriver,by-sa,Screwdriver 32,https://api.sketchfab.com/v3/models/91c3244d836d4a47bb1ebe0a002af4cc
4cefe2f12a684cc4bf25c0e9f39b3d16,screwdriver,by,Stanley PBR Screwdriver,https://api.sketchfab.com/v3/models/4cefe2f12a684cc4bf25c0e9f39b3d16
0a154cfc51c4417485ddd19637982b33,screwdriver,by,screwdriver,https://api.sketchfab.com/v3/models/0a154cfc51c4417485ddd19637982b33
82c3c56910be4bc9a1c973ea0c3b66a0,screwdriver,by,screwdriver,https://api.sketchfab.com/v3/models/82c3c56910be4bc9a1c973ea0c3b66a0
e2d4a227deb14e0fb77d1b02d44ab4ad,screwdriver,by,Knight Sword,https://api.sketchfab.com/v3/models/e2d4a227deb14e0fb77d1b02d44ab4ad
7066bc9b705c45d4a97971ff5aba38e6,screwdriver,by,Screwdriver,https://api.sketchfab.com/v3/models/7066bc9b705c45d4a97971ff5aba38e6
29134606bdeb469594d653c676d495c2,screwdriver,by,Tremenda Espada,https://api.sketchfab.com/v3/models/29134606bdeb469594d653c676d495c2
b27295e017b34df2859683ac2abedeb7,screwdriver,by,Pirate sword,https://api.sketchfab.com/v3/models/b27295e017b34df2859683ac2abedeb7
72253ff6c3d1420d9698bd096e99977c,screwdriver,by,Karambit Knife,https://api.sketchfab.com/v3/models/72253ff6c3d1420d9698bd096e99977c
dde01fa566a14702a59deb92c844d7d9,screwdriver,by,Screwdriver from Poly by Google,https://api.sketchfab.com/v3/models/dde01fa566a14702a59deb92c844d7d9
b89935593d7a4a26bf15da3496a26c30,screwdriver,by,screwdriver,https://api.sketchfab.com/v3/models/b89935593d7a4a26bf15da3496a26c30
7da773e511834fad8f61a3aff47c47d5,screwdriver,by,Screwdriver,https://api.sketchfab.com/v3/models/7da773e511834fad8f61a3aff47c47d5
c54a7f8f0d2048e7b3f897ec497c74a6,screwdriver,by,Simple Screwdriver,https://api.sketchfab.com/v3/models/c54a7f8f0d2048e7b3f897ec497c74a6
9939de46afe2412cb291eb313f26951d,screwdriver,by,Simple Screwdriver,https://api.sketchfab.com/v3/models/9939de46afe2412cb291eb313f26951d
9388b88797374db0aeea1eb99936efc3,screwdriver,by,3.185,https://api.sketchfab.com/v3/models/9388b88797374db0aeea1eb99936efc3
d7342e2cc95146c79a96b106f248b355,screwdriver,by,Philips,https://api.sketchfab.com/v3/models/d7342e2cc95146c79a96b106f248b355
cc802604777d46399fc9f10a689eed7c,screwdriver,by,Screwdriver,https://api.sketchfab.com/v3/models/cc802604777d46399fc9f10a689eed7c
6b3321ba4ce4491bab56ad407ce35161,screwdriver,by,Screwdriver,https://api.sketchfab.com/v3/models/6b3321ba4ce4491bab56ad407ce35161
5dea28f32d0b47b6a59a3031ac9e0eca,screwdriver,by,Screwdriver,https://api.sketchfab.com/v3/models/5dea28f32d0b47b6a59a3031ac9e0eca
bdcd141c36b4465fa4fb18620af3b12b,screwdriver,by,Screwdriver,https://api.sketchfab.com/v3/models/bdcd141c36b4465fa4fb18620af3b12b
ef4d2daeecff4742b6b3bd92190f0adf,screwdriver,by,Screwdriver GAP Stanley,https://api.sketchfab.com/v3/models/ef4d2daeecff4742b6b3bd92190f0adf
d916af91d0d54efeb1f809234d93d7fd,screwdriver,by,Geïsoleerde schroevendraaier,https://api.sketchfab.com/v3/models/d916af91d0d54efeb1f809234d93d7fd
803c646867dc44118210dbdbebfaf191,screwdriver,by,Old Screwdriver,https://api.sketchfab.com/v3/models/803c646867dc44118210dbdbebfaf191
e632fe253a7a48468d1acba1156dc225,screwdriver,by,Red Screwdriver,https://api.sketchfab.com/v3/models/e632fe253a7a48468d1acba1156dc225
97feec65db674dcf830cac4fcc4e9834,screwdriver,by,Screwdriver lowpoly,https://api.sketchfab.com/v3/models/97feec65db674dcf830cac4fcc4e9834
73cb248ad76d45ee9b638ec4bfea4128,screwdriver,by,Screwdriver,https://api.sketchfab.com/v3/models/73cb248ad76d45ee9b638ec4bfea4128
8485da1a3ce94f4b91b627d5e4e53a9a,screwdriver,by,Screwdriver,https://api.sketchfab.com/v3/models/8485da1a3ce94f4b91b627d5e4e53a9a
e6b725998e194b7bb770950b57b78a87,screwdriver,by,Screwdriver,https://api.sketchfab.com/v3/models/e6b725998e194b7bb770950b57b78a87
1261cc9d7c8b4bbb895b14bfefc5ab58,screwdriver,by,Screwdriver,https://api.sketchfab.com/v3/models/1261cc9d7c8b4bbb895b14bfefc5ab58
9c127b07958343bba6d9f0fa41578272,screwdriver,by,Phillips screwdriver,https://api.sketchfab.com/v3/models/9c127b07958343bba6d9f0fa41578272
976b4290ac7f4a6dab143572d457bbab,screwdriver,by,Hammer Wasteland,https://api.sketchfab.com/v3/models/976b4290ac7f4a6dab143572d457bbab
341a510879c74e52b23c5204ce6f94a6,screwdriver,by,screwdriver,https://api.sketchfab.com/v3/models/341a510879c74e52b23c5204ce6f94a6
e05800f3d32e46698ca99a45e797ea73,screwdriver,by,Fox Katana,https://api.sketchfab.com/v3/models/e05800f3d32e46698ca99a45e797ea73
34c8ff48374c4b56884811868e5b43ca,screwdriver,by,Stun Area,https://api.sketchfab.com/v3/models/34c8ff48374c4b56884811868e5b43ca
e9c7b5be938041b1825307c6f73099c4,screwdriver,by,Screwdriver,https://api.sketchfab.com/v3/models/e9c7b5be938041b1825307c6f73099c4
1e2a0fa38d004822a25846762d655358,screwdriver,by,Screw Driver,https://api.sketchfab.com/v3/models/1e2a0fa38d004822a25846762d655358
2a3bc6ddaee84bdeb64b1ccadf497e5f,screwdriver,by,Low-Poly Screwdriver,https://api.sketchfab.com/v3/models/2a3bc6ddaee84bdeb64b1ccadf497e5f
ea1ceda39b4d44c58b01745a105117eb,screwdriver,by,GAP Tool Assignment  - Screwdriver,https://api.sketchfab.com/v3/models/ea1ceda39b4d44c58b01745a105117eb
c4018dc9010c478c8a71eaedc0c01440,screwdriver,by,GAP_2DAE03_Van_Wezemael_Jenna,https://api.sketchfab.com/v3/models/c4018dc9010c478c8a71eaedc0c01440
daa1a4a4013b479097633f75a33bb543,screwdriver,by,Free Screwdriver,https://api.sketchfab.com/v3/models/daa1a4a4013b479097633f75a33bb543
0ac105eb165c40aba9dab37c0615bb17,wrench,by,Wrench,https://api.sketchfab.com/v3/models/0ac105eb165c40aba9dab37c0615bb17
412fdac55c8649a89992dd52ac4d9e19,wrench,by,Old pipe wrench,https://api.sketchfab.com/v3/models/412fdac55c8649a89992dd52ac4d9e19
a0fe4b9d7d324267b975f30bbfa3a81e,wrench,by,Low-poly wrench,https://api.sketchfab.com/v3/models/a0fe4b9d7d324267b975f30bbfa3a81e
fa277ef6ccd243108d501b0f0aa8fd3b,wrench,by,Ice Scream 4: Wrench v3,https://api.sketchfab.com/v3/models/fa277ef6ccd243108d501b0f0aa8fd3b
7e33b3527ec74a198e43f9054264c1dd,wrench,by,Used Wrench 1 | CC0,https://api.sketchfab.com/v3/models/7e33b3527ec74a198e43f9054264c1dd
6d395299b8e84be2a24861e69f444709,wrench,by,PB114 Wrench Low,https://api.sketchfab.com/v3/models/6d395299b8e84be2a24861e69f444709
a728d4a3dde7463885d7a5889fdfee04,wrench,by,PB117 Wrenchs Low,https://api.sketchfab.com/v3/models/a728d4a3dde7463885d7a5889fdfee04
8e9067927ee543819d974f1d533b3525,wrench,by,Adjustable Wrench,https://api.sketchfab.com/v3/models/8e9067927ee543819d974f1d533b3525
1df6a16b19754ac1ad40a8c6b690d9da,wrench,by,Spanner2 9a,https://api.sketchfab.com/v3/models/1df6a16b19754ac1ad40a8c6b690d9da
a925cb97908645279551df4b4fd2f993,wrench,by,Low-poly Adjustable Wrench,https://api.sketchfab.com/v3/models/a925cb97908645279551df4b4fd2f993
78d80c78ae624586999378421bbc0671,wrench,by,Wrench,https://api.sketchfab.com/v3/models/78d80c78ae624586999378421bbc0671
fc0d8ab059474b1188d0b8e6b1c3888a,wrench,by,Crescent Wrench,https://api.sketchfab.com/v3/models/fc0d8ab059474b1188d0b8e6b1c3888a
585b5b27bb2a41faadb3c8675658550d,wrench,by,Wrench,https://api.sketchfab.com/v3/models/585b5b27bb2a41faadb3c8675658550d
0a727310436a4deaa5d1e9916ad967a4,wrench,by,Wrench,https://api.sketchfab.com/v3/models/0a727310436a4deaa5d1e9916ad967a4
1f5091add97a4d94a9e9eb339b5b587a,wrench,by,Creating Holes,https://api.sketchfab.com/v3/models/1f5091add97a4d94a9e9eb339b5b587a
04ac24f004a24df5ae10443a3d7d5070,wrench,by,Ice Scream 4: Wrench v1,https://api.sketchfab.com/v3/models/04ac24f004a24df5ae10443a3d7d5070
e13f98a9d7364510a65042d4c42e7a9c,wrench,by,Adjustable Spanner/Wrench,https://api.sketchfab.com/v3/models/e13f98a9d7364510a65042d4c42e7a9c
14f4dae729bd44a69e2068a96d5adec3,wrench,by,Wrench,https://api.sketchfab.com/v3/models/14f4dae729bd44a69e2068a96d5adec3
5364b15390e1460f923b502415d76719,wrench,by,Adjustable Wrench,https://api.sketchfab.com/v3/models/5364b15390e1460f923b502415d76719
0aaff95f63a847b3b0090e4bfe9fd950,wrench,by,Wrench,https://api.sketchfab.com/v3/models/0aaff95f63a847b3b0090e4bfe9fd950
0e599efc563247d6af1ec04a4940570c,wrench,by,PB120 Wrenchs Low,https://api.sketchfab.com/v3/models/0e599efc563247d6af1ec04a4940570c
0e9456fdc64f44d8b8280720e270e0eb,wrench,by,Clé à boulon,https://api.sketchfab.com/v3/models/0e9456fdc64f44d8b8280720e270e0eb
84d7f3a0ca0c41a19b8b26300ca83296,wrench,by,Wrench1,https://api.sketchfab.com/v3/models/84d7f3a0ca0c41a19b8b26300ca83296
2734161713be4f97b9aa88c7c39e9e0a,wrench,by,Low poly wrench,https://api.sketchfab.com/v3/models/2734161713be4f97b9aa88c7c39e9e0a
f59fd41011bf4a699cc309681bc26f58,wrench,by,Geri-124vm03-d-001,https://api.sketchfab.com/v3/models/f59fd41011bf4a699cc309681bc26f58
b6e56e79927a4cdca527131a33f83ba8,wrench,by,Maya,https://api.sketchfab.com/v3/models/b6e56e79927a4cdca527131a33f83ba8
bd2472191dab4bf98e39024e570b51f7,wrench,by,Wrench 30x32 (free),https://api.sketchfab.com/v3/models/bd2472191dab4bf98e39024e570b51f7
b03248cfc3c14957a0b03f034e0f7965,wrench,by,Pipe Wrench,https://api.sketchfab.com/v3/models/b03248cfc3c14957a0b03f034e0f7965
70e695f11baf4941a7da92108835de27,wrench,by,Low-poly wrench,https://api.sketchfab.com/v3/models/70e695f11baf4941a7da92108835de27
32910042c3b7489c8a2cc88328d98ac2,wrench,by,Old rusty wrench,https://api.sketchfab.com/v3/models/32910042c3b7489c8a2cc88328d98ac2
cfc49bcb02134ecea34f4fda58f00590,wrench,by,Wrench (Craftsman 6IN),https://api.sketchfab.com/v3/models/cfc49bcb02134ecea34f4fda58f00590
3be07a34145f4bd0bbc2dd01f8fca136,wrench,by,Wrench,https://api.sketchfab.com/v3/models/3be07a34145f4bd0bbc2dd01f8fca136
e740b561cbaf472dba969724a0049dca,wrench,by,Wrench,https://api.sketchfab.com/v3/models/e740b561cbaf472dba969724a0049dca
b3373981536640b98483a890d9a14060,wrench,by,wrench,https://api.sketchfab.com/v3/models/b3373981536640b98483a890d9a14060
ad7c24dd4d7a4176a9a21ee843d036b9,wrench,by,13mm Wrench,https://api.sketchfab.com/v3/models/ad7c24dd4d7a4176a9a21ee843d036b9
ff12ae13bf3748e58f4fbd94d8f0a728,wrench,by,Wrench,https://api.sketchfab.com/v3/models/ff12ae13bf3748e58f4fbd94d8f0a728
9f61bfa2cee94cb8a63fd4d78b876ebe,wrench,by,Spanner 45-48,https://api.sketchfab.com/v3/models/9f61bfa2cee94cb8a63fd4d78b876ebe
2414a4bc76bc4289b5d033fbaf36e47a,wrench,by,Adjustable wrench,https://api.sketchfab.com/v3/models/2414a4bc76bc4289b5d033fbaf36e47a
242d37a17a334d3cb1ab4fb978ae0ad9,wrench,by,Wrench,https://api.sketchfab.com/v3/models/242d37a17a334d3cb1ab4fb978ae0ad9
5c42929b86854b899aa2a7168bede0c0,wrench,by,Hello Neighbor Wrench (Older builds),https://api.sketchfab.com/v3/models/5c42929b86854b899aa2a7168bede0c0
5bbc755b07924fcba6ccd702191f90df,wrench,by,Wrench,https://api.sketchfab.com/v3/models/5bbc755b07924fcba6ccd702191f90df
2dae5fa80a454d2a9ddf4e8167fcdf61,wrench,by,10mm Wrench,https://api.sketchfab.com/v3/models/2dae5fa80a454d2a9ddf4e8167fcdf61
af1e03fb8b2a4bc79e9f774a6c03f248,wrench,by-nc-sa,open end wrench,https://api.sketchfab.com/v3/models/af1e03fb8b2a4bc79e9f774a6c03f248
988641ccdde0410c8b5dbb8a7f549b22,wrench,by,GGJ 2020 - Fixer Frank vs. Prehistoric Evil,https://api.sketchfab.com/v3/models/988641ccdde0410c8b5dbb8a7f549b22
edc42b3b030a48eaa87e9d1b128a1e94,wrench,by,wrench,https://api.sketchfab.com/v3/models/edc42b3b030a48eaa87e9d1b128a1e94
34d438b4d0d94e63b8ffea3ef0398d51,wrench,by,Crankshaft_Pistons,https://api.sketchfab.com/v3/models/34d438b4d0d94e63b8ffea3ef0398d51
596e3739c3844733a542c89ea7465dab,wrench,by,Rusty Wrench 2,https://api.sketchfab.com/v3/models/596e3739c3844733a542c89ea7465dab
a3afc23312974833914089c73f379997,wrench,by,wrench dirty low poly,https://api.sketchfab.com/v3/models/a3afc23312974833914089c73f379997
f222d8c16b3740ca98c21a5df26c8b13,wrench,by,Crescent Wrench finished,https://api.sketchfab.com/v3/models/f222d8c16b3740ca98c21a5df26c8b13
885b21f04f6b44ea9b23db1a8c2a1119,wrench,by,Crescent Wrench,https://api.sketchfab.com/v3/models/885b21f04f6b44ea9b23db1a8c2a1119
9d0d5e5549d547d0b38200eb0d7ca976,wrench,by,PB114 Wrench Hi,https://api.sketchfab.com/v3/models/9d0d5e5549d547d0b38200eb0d7ca976
ae5c3481f14d4683a319667717d65352,wrench,by,Wrench,https://api.sketchfab.com/v3/models/ae5c3481f14d4683a319667717d65352
8a6cb4f7b0004f53830e270dc6e1ff1d,wrench,by,wrench,https://api.sketchfab.com/v3/models/8a6cb4f7b0004f53830e270dc6e1ff1d
a7a8a64ca7ec4317ba59063748ce1cf5,lightbulb,by,Any Conv Com Lightbulb,https://api.sketchfab.com/v3/models/a7a8a64ca7ec4317ba59063748ce1cf5
a9e5ae9c2a02418ea0989ed83befb261,lightbulb,by,RHINO 6: SPIRAL LED LIGHT BULB,https://api.sketchfab.com/v3/models/a9e5ae9c2a02418ea0989ed83befb261
fc7dcd48bbce43c2b0b458a7beaec12d,lightbulb,by,Light Bulb,https://api.sketchfab.com/v3/models/fc7dcd48bbce43c2b0b458a7beaec12d
2b358bd708c04b5c978e35f75f63d2b9,lightbulb,by,Bombilla LED,https://api.sketchfab.com/v3/models/2b358bd708c04b5c978e35f75f63d2b9
9ef4c782e9074e79b433ae55458bc2af,lightbulb,by,Light Bulb,https://api.sketchfab.com/v3/models/9ef4c782e9074e79b433ae55458bc2af
ba6bcad73fbc4da0a9de827d2a698c72,lightbulb,by,Lamp 4k (final) high poly,https://api.sketchfab.com/v3/models/ba6bcad73fbc4da0a9de827d2a698c72
bbe1dbc3c5fc4f9cbbcb609880f7aa6d,lightbulb,by,Light_Bulb_01,https://api.sketchfab.com/v3/models/bbe1dbc3c5fc4f9cbbcb609880f7aa6d
3886f505abe5419fbb774f6ef2d24717,lightbulb,by-nc-sa,Vertex lightbulb,https://api.sketchfab.com/v3/models/3886f505abe5419fbb774f6ef2d24717
274f2d993b214b02a2f32c348e59a6f2,lightbulb,by,Bulb Model Shaders Cam Ange 009,https://api.sketchfab.com/v3/models/274f2d993b214b02a2f32c348e59a6f2
8c8d1259150f43679a097dda0598f486,lightbulb,by,Lightbulb,https://api.sketchfab.com/v3/models/8c8d1259150f43679a097dda0598f486
8bef8e37f0ae4dd6bfb58192cf0b1563,lightbulb,by,Genius Hour,https://api.sketchfab.com/v3/models/8bef8e37f0ae4dd6bfb58192cf0b1563
ffb96ec22d27472d9a89b620fe2f4282,lightbulb,by-nc,Lightbulb,https://api.sketchfab.com/v3/models/ffb96ec22d27472d9a89b620fe2f4282
42ac3d271a3a47da829a86239227560f,lightbulb,by,Light Bulb,https://api.sketchfab.com/v3/models/42ac3d271a3a47da829a86239227560f
871ed12da7484c86b4d59a306813b1f9,lightbulb,by,Edison Bulb,https://api.sketchfab.com/v3/models/871ed12da7484c86b4d59a306813b1f9
1a121ba643144d7bb36655d999b10493,lightbulb,by,bulb.fbx,https://api.sketchfab.com/v3/models/1a121ba643144d7bb36655d999b10493
05e77cfd5dfb4b8da52876490be720f4,lightbulb,by-nc,Led Lamp,https://api.sketchfab.com/v3/models/05e77cfd5dfb4b8da52876490be720f4
2566774276944542a01ff47a67a6eb51,lightbulb,by,Lightbulb (Low-Poly),https://api.sketchfab.com/v3/models/2566774276944542a01ff47a67a6eb51
49e793ffcb684484a80b5f902d310946,lightbulb,by,Incandescent light bulb,https://api.sketchfab.com/v3/models/49e793ffcb684484a80b5f902d310946
1bf43ed7628e48e7bceae6f6c5ac06d9,lightbulb,by,Light-bulb,https://api.sketchfab.com/v3/models/1bf43ed7628e48e7bceae6f6c5ac06d9
e3ffbc52b7794dee8a7fbbf7118bf69b,lightbulb,by,LED lamp,https://api.sketchfab.com/v3/models/e3ffbc52b7794dee8a7fbbf7118bf69b
d475cf7453874e70b631cd16b95049da,lightbulb,by,Bombillito De Navidad Artist Andres Rico Lopez,https://api.sketchfab.com/v3/models/d475cf7453874e70b631cd16b95049da
1c78af4bd9784c70bdc920843ff54892,lightbulb,by,Gloeilamp,https://api.sketchfab.com/v3/models/1c78af4bd9784c70bdc920843ff54892
24d1bb5b02014ba8be693b6cca1ca752,lightbulb,by,Light Bulb,https://api.sketchfab.com/v3/models/24d1bb5b02014ba8be693b6cca1ca752
16cb358be674479c8c5dfd4bd670a700,lightbulb,by,Foco,https://api.sketchfab.com/v3/models/16cb358be674479c8c5dfd4bd670a700
8b374aea1c214d89afb6c74b4a963b55,lightbulb,by,Day 14: Vegetable,https://api.sketchfab.com/v3/models/8b374aea1c214d89afb6c74b4a963b55
9e89d5052f134ddea1459d376d850fa2,lightbulb,by-nc-sa,Foco fotorealista (Blender),https://api.sketchfab.com/v3/models/9e89d5052f134ddea1459d376d850fa2
148ab4d6978a4a76ab5e291e07d8b999,lightbulb,by,ZAPATILLA,https://api.sketchfab.com/v3/models/148ab4d6978a4a76ab5e291e07d8b999
6f7eb2f032d146d6aa70d96d398bf3d7,lightbulb,by,Светильник 1862-1P Favourite,https://api.sketchfab.com/v3/models/6f7eb2f032d146d6aa70d96d398bf3d7
bace206257854cfa86bdbdc14dffc67e,lightbulb,by,4D Strobe Light Bulb,https://api.sketchfab.com/v3/models/bace206257854cfa86bdbdc14dffc67e
1f1704601c2943ecb7e1aab814a69326,lightbulb,by,Lightbulb,https://api.sketchfab.com/v3/models/1f1704601c2943ecb7e1aab814a69326
b4b004ae831741fb9e920be2096a5fba,lightbulb,by,Model To Cut Up For Pieces,https://api.sketchfab.com/v3/models/b4b004ae831741fb9e920be2096a5fba
af8a5e3c79b24be1bc69f9891d95868e,lightbulb,by,Power Insulator 3D model,https://api.sketchfab.com/v3/models/af8a5e3c79b24be1bc69f9891d95868e
08a028cc9024482ba6ebb423f813ae17,lightbulb,by,Lightbulb,https://api.sketchfab.com/v3/models/08a028cc9024482ba6ebb423f813ae17
b5097eeb96b34ef3a3ead5f2561043fe,lightbulb,by,Lightbulb from Poly by Google,https://api.sketchfab.com/v3/models/b5097eeb96b34ef3a3ead5f2561043fe
e96738ba83044e82a0f69963770481ef,lightbulb,by,lightbulb,https://api.sketchfab.com/v3/models/e96738ba83044e82a0f69963770481ef
7458b901eb0f40a0ab4065b12140a1ff,lightbulb,by,Light FBX,https://api.sketchfab.com/v3/models/7458b901eb0f40a0ab4065b12140a1ff
9257780d71774443a02ad1eb8c344615,lightbulb,by,LED,https://api.sketchfab.com/v3/models/9257780d71774443a02ad1eb8c344615
86364373a3be40949e4a6a863933a25a,lightbulb,by,Uwu inc. retro lightbulb,https://api.sketchfab.com/v3/models/86364373a3be40949e4a6a863933a25a
abab549e6aa846209e8411cd1e135739,lightbulb,by-nc,Edison light bulb,https://api.sketchfab.com/v3/models/abab549e6aa846209e8411cd1e135739
8cd34fb8568d44d7a0940b51afde5957,lightbulb,by,The Lightbulb,https://api.sketchfab.com/v3/models/8cd34fb8568d44d7a0940b51afde5957
735d70264a81432abc4a460c82a83e5e,lightbulb,by,Светильник A5092SP-1CC Arte Lamp,https://api.sketchfab.com/v3/models/735d70264a81432abc4a460c82a83e5e
c1b09337b22b43ec86d1ca222e73cac8,lightbulb,by,Lightbulb,https://api.sketchfab.com/v3/models/c1b09337b22b43ec86d1ca222e73cac8
7a6f7e5365b6491ca8ec6631381e78d3,lightbulb,by,Foco,https://api.sketchfab.com/v3/models/7a6f7e5365b6491ca8ec6631381e78d3
a7fd32c748b24462aca2fe61c46d9289,lightbulb,by,Light Bulp,https://api.sketchfab.com/v3/models/a7fd32c748b24462aca2fe61c46d9289
e45b4406e2094c9c850fe40407a4ca02,lightbulb,by,Nunez1401 Materials,https://api.sketchfab.com/v3/models/e45b4406e2094c9c850fe40407a4ca02
1e09c20b37e942548b176f0a1ccf9dad,lightbulb,by,Lightbulb,https://api.sketchfab.com/v3/models/1e09c20b37e942548b176f0a1ccf9dad
eb68e95943f648eea15c3956edfe6701,lightbulb,by,Basic Bulb,https://api.sketchfab.com/v3/models/eb68e95943f648eea15c3956edfe6701
8aad7cd878074e20b88ca3c86feb50aa,lightbulb,by,Barbara Volone Baiunited Liv 1 e 2 Olio,https://api.sketchfab.com/v3/models/8aad7cd878074e20b88ca3c86feb50aa
2ed38b429e1e4c889b35cb8d7041d029,lightbulb,by,lightbulbdemo,https://api.sketchfab.com/v3/models/2ed38b429e1e4c889b35cb8d7041d029
98d1d78722044d6189741ddc5f32b4ff,lightbulb,by,Light bulb from Poly by Google,https://api.sketchfab.com/v3/models/98d1d78722044d6189741ddc5f32b4ff
58d14538b81544f7992085e90232b338,lightbulb,by,Bulb,https://api.sketchfab.com/v3/models/58d14538b81544f7992085e90232b338
98097909abf64521b87e43d11d4e1839,lightbulb,by,Bombillo,https://api.sketchfab.com/v3/models/98097909abf64521b87e43d11d4e1839
699f5e64c98d491d977ca531c95e2844,lightbulb,by,Light Bulb,https://api.sketchfab.com/v3/models/699f5e64c98d491d977ca531c95e2844
fcd3032a73014ffdbbfe098f7f131a8d,lightbulb,by,Лампа / lamp (4k textures),https://api.sketchfab.com/v3/models/fcd3032a73014ffdbbfe098f7f131a8d
96231d9e4a434046aa3c1845a3345b57,lightbulb,by,Wink Light Bulb Night Light,https://api.sketchfab.com/v3/models/96231d9e4a434046aa3c1845a3345b57
977334a14bd546779d835fe095b5b0e6,lightbulb,by,Linterna,https://api.sketchfab.com/v3/models/977334a14bd546779d835fe095b5b0e6
30235ebaabbf499bb692eb3b3ef0ab99,lightbulb,by,Z74221 SKFB,https://api.sketchfab.com/v3/models/30235ebaabbf499bb692eb3b3ef0ab99
75cf4de0cf314e10a89b57b13c0cbd18,lightbulb,by,edison lamp,https://api.sketchfab.com/v3/models/75cf4de0cf314e10a89b57b13c0cbd18
53f9dab8e41e4ebabb3ca78bc2a4d683,lightbulb,by,Bulb,https://api.sketchfab.com/v3/models/53f9dab8e41e4ebabb3ca78bc2a4d683
5e461fc99f844e5a8ba2cb20fc259011,lightbulb,by,Knife,https://api.sketchfab.com/v3/models/5e461fc99f844e5a8ba2cb20fc259011
6f1f1bb9f98544de9ba5477c245f94b1,lightbulb,by,Люстра 3011/01 SP-15 Divinare,https://api.sketchfab.com/v3/models/6f1f1bb9f98544de9ba5477c245f94b1
e97f693110fe472da620f2174f16b218,lightbulb,by,Potion,https://api.sketchfab.com/v3/models/e97f693110fe472da620f2174f16b218
69a149e1d61b4a8da5756761c7dfdb24,lightbulb,by,bulb,https://api.sketchfab.com/v3/models/69a149e1d61b4a8da5756761c7dfdb24
f1d9ac89b732426a91ca29d5e76b83c8,lightbulb,by,LightBulb,https://api.sketchfab.com/v3/models/f1d9ac89b732426a91ca29d5e76b83c8
e65a4ce9a71d47ce911d281a66a534d9,lightbulb,by,Cabecapronta,https://api.sketchfab.com/v3/models/e65a4ce9a71d47ce911d281a66a534d9
bdefe0425b9e4c63af6991cec186cc08,lightbulb,by,light2,https://api.sketchfab.com/v3/models/bdefe0425b9e4c63af6991cec186cc08
5363ee82fcd64424962324f9265fbdff,lightbulb,by,Lightbulb,https://api.sketchfab.com/v3/models/5363ee82fcd64424962324f9265fbdff
b63f65374f0640f69b3fe7a95e2cbc8b,lightbulb,by,A Simple Lightbulb,https://api.sketchfab.com/v3/models/b63f65374f0640f69b3fe7a95e2cbc8b
9029486d05b243ce8e13688af7f2a6c5,lightbulb,by,light4,https://api.sketchfab.com/v3/models/9029486d05b243ce8e13688af7f2a6c5
37a18af36f3e4d6384a37b2d3fc4049e,lightbulb,by,Peter Ganine Classic Queen,https://api.sketchfab.com/v3/models/37a18af36f3e4d6384a37b2d3fc4049e
8b647d638e7e4305be0ab948d67415c1,lightbulb,by,Sydney Vandal,https://api.sketchfab.com/v3/models/8b647d638e7e4305be0ab948d67415c1
24fd09302b824a8f9662584511697318,lightbulb,by,Svetionik,https://api.sketchfab.com/v3/models/24fd09302b824a8f9662584511697318
12f1f70b679640ce8ce8295100f5e3f0,lightbulb,by,HPS Light Bulb,https://api.sketchfab.com/v3/models/12f1f70b679640ce8ce8295100f5e3f0
773161905d0e49dcb0a625ca6aaa77a6,lightbulb,by,German Flask WW1,https://api.sketchfab.com/v3/models/773161905d0e49dcb0a625ca6aaa77a6
aeb0e4832f04463280510e550e2cdbd5,lightbulb,by,Edison Light Bulb,https://api.sketchfab.com/v3/models/aeb0e4832f04463280510e550e2cdbd5
d31427d37be84bfcb6f0172e62c2ef83,lightbulb,by,BulbTest,https://api.sketchfab.com/v3/models/d31427d37be84bfcb6f0172e62c2ef83
c3f713fc4e9045538f88a1179ccb2c7d,lightbulb,by,Balão De Ar Quente,https://api.sketchfab.com/v3/models/c3f713fc4e9045538f88a1179ccb2c7d
727d22bc8fc44038a5a68827db386a52,lightbulb,by,light,https://api.sketchfab.com/v3/models/727d22bc8fc44038a5a68827db386a52
37f1f34d1b3342b1a9c5ba3f8e8f324e,lightbulb,by,Fluorescent Light Bulb,https://api.sketchfab.com/v3/models/37f1f34d1b3342b1a9c5ba3f8e8f324e
b069fbeb341741779f5fad1abf56e322,lightbulb,by,Snake Boss,https://api.sketchfab.com/v3/models/b069fbeb341741779f5fad1abf56e322
90e708b380ee428cad064afb880df01c,lightbulb,by,lamp,https://api.sketchfab.com/v3/models/90e708b380ee428cad064afb880df01c
496d6c4c2d0b4f8794708440e39028b3,lightbulb,by,Light Bulb,https://api.sketchfab.com/v3/models/496d6c4c2d0b4f8794708440e39028b3
fb0111a1d4b64066bf3d59f38ff815ff,lightbulb,by,Potion Low Poly Forme Diamant,https://api.sketchfab.com/v3/models/fb0111a1d4b64066bf3d59f38ff815ff
c934585162de4abe81b151a2354217f5,motor,by,Gravity Sketch 19-00-51,https://api.sketchfab.com/v3/models/c934585162de4abe81b151a2354217f5
1df829ce622643ce874b31cad96fe484,motor,by,"1TU, thème travaillé : la slotloco",https://api.sketchfab.com/v3/models/1df829ce622643ce874b31cad96fe484
66b2ea9eb6e5468d91d814395036a537,motor,by,Electric Motor,https://api.sketchfab.com/v3/models/66b2ea9eb6e5468d91d814395036a537
adafd57701964db3b347b5bfeaa8d168,motor,by,Diesel engine Junkers Jumo-205,https://api.sketchfab.com/v3/models/adafd57701964db3b347b5bfeaa8d168
835725847dfd4cbc88e630aa6a3f17c6,motor,by,Synthetic test: Agisoft Photoscan,https://api.sketchfab.com/v3/models/835725847dfd4cbc88e630aa6a3f17c6
9178b512c16c4a7bb9768c82f54713e8,motor,by,Bldc Motor 750w,https://api.sketchfab.com/v3/models/9178b512c16c4a7bb9768c82f54713e8
4c9d9bf7df2f4af1aa3d48f61fb7d11d,motor,by,upload,https://api.sketchfab.com/v3/models/4c9d9bf7df2f4af1aa3d48f61fb7d11d
5eafdd3e57bf45f2a88693cfabb63779,motor,by,Turbina,https://api.sketchfab.com/v3/models/5eafdd3e57bf45f2a88693cfabb63779
59242aa4f2df44ae90748a5a732f29ad,motor,by,Vestibule,https://api.sketchfab.com/v3/models/59242aa4f2df44ae90748a5a732f29ad
c0b73b5a311e4ebb86d2c8411aa7ae44,motor,by,Motor Wankel,https://api.sketchfab.com/v3/models/c0b73b5a311e4ebb86d2c8411aa7ae44
94a93c542e4b4c0f91c718de3bb15946,motor,by-nc-sa,Turbine u4,https://api.sketchfab.com/v3/models/94a93c542e4b4c0f91c718de3bb15946
a2dde88a8dd94b8aae4e26f054cfb2a0,motor,by,jeep Cherokee xj engine,https://api.sketchfab.com/v3/models/a2dde88a8dd94b8aae4e26f054cfb2a0
aa940faf5dfd45b8b6732fa4fbade536,motor,by,Generator,https://api.sketchfab.com/v3/models/aa940faf5dfd45b8b6732fa4fbade536
c85ca0cef2c14ed593e1205e1ac7020c,motor,by,Mitsubishi 4M40 Engine,https://api.sketchfab.com/v3/models/c85ca0cef2c14ed593e1205e1ac7020c
ac2d1663b18e48be9693df967aec45d7,motor,by,Học lái xe b2 bao nhiêu tiền?,https://api.sketchfab.com/v3/models/ac2d1663b18e48be9693df967aec45d7
d19ceebde05a4bc4aaafc4aa4d0c3986,motor,by,New Model,https://api.sketchfab.com/v3/models/d19ceebde05a4bc4aaafc4aa4d0c3986
8654c66cfebe43f4a14ebd24eb446440,motor,by,Speck Badu Magic,https://api.sketchfab.com/v3/models/8654c66cfebe43f4a14ebd24eb446440
06f9e20d07184ad5832ab633b0e0005f,motor,by,Untitled Scan,https://api.sketchfab.com/v3/models/06f9e20d07184ad5832ab633b0e0005f
a6ff501e9c62452bbbe21e48df4def9d,motor,by,HW XYZ Detail 3,https://api.sketchfab.com/v3/models/a6ff501e9c62452bbbe21e48df4def9d
00aaecd7ebe54f7fbc4075d543669200,motor,by-nc-sa,Mill machine,https://api.sketchfab.com/v3/models/00aaecd7ebe54f7fbc4075d543669200
d549042dadc94f5290646bd524bf15b2,motor,by,Manu Room,https://api.sketchfab.com/v3/models/d549042dadc94f5290646bd524bf15b2
b1e5257869b3437285f13275d21b43d8,motor,by,Scooter - 3DDecember Day2,https://api.sketchfab.com/v3/models/b1e5257869b3437285f13275d21b43d8
b0dbf778b81e4afba4edf11336e2a099,motor,by,Animated Engine V8,https://api.sketchfab.com/v3/models/b0dbf778b81e4afba4edf11336e2a099
b9c46eb3c51d43b2a561c9dec106e61e,motor,by,Motor de dos tiempos,https://api.sketchfab.com/v3/models/b9c46eb3c51d43b2a561c9dec106e61e
66a230735fcc480287e0b328bfc1aed2,motor,by,Caja reductora,https://api.sketchfab.com/v3/models/66a230735fcc480287e0b328bfc1aed2
6ecd5d7250c34e1d9e08cfaa5c86e2a0,motor,by,Synthetic test: Bentley ContextCapture /Ultra/,https://api.sketchfab.com/v3/models/6ecd5d7250c34e1d9e08cfaa5c86e2a0
e8f63b8d11284c269325e61232c65ae2,motor,by,Day 10: H-bomb and its loading bay,https://api.sketchfab.com/v3/models/e8f63b8d11284c269325e61232c65ae2
e9d1dd2b28284bd88f02564b7dd2c046,motor,by,Crazy Monster Bike,https://api.sketchfab.com/v3/models/e9d1dd2b28284bd88f02564b7dd2c046
e55aff4bcb694de3b2d5fee812d8e462,motor,by-nc-sa,INCENDIE SCI GARIBALDI,https://api.sketchfab.com/v3/models/e55aff4bcb694de3b2d5fee812d8e462
90f173ee66f343e4ac0058bdd3242367,motor,by,carpart scan,https://api.sketchfab.com/v3/models/90f173ee66f343e4ac0058bdd3242367
44f10278ede4418d9df60b1eb58d5113,motor,by,Двигатель V8,https://api.sketchfab.com/v3/models/44f10278ede4418d9df60b1eb58d5113
991534dfd6cf43d4a3b3637aa3ff8c8d,motor,by,20 liter eggplant weapon,https://api.sketchfab.com/v3/models/991534dfd6cf43d4a3b3637aa3ff8c8d
304f656a07d741caabdf36d58b9eb471,motor,by,540 motor,https://api.sketchfab.com/v3/models/304f656a07d741caabdf36d58b9eb471
67917947ff9249ae8d73bd5fa78f673c,motor,by,Camion de pompier 1955 Mars,https://api.sketchfab.com/v3/models/67917947ff9249ae8d73bd5fa78f673c
ebff999fe68b40dcb89b5bfb069100d8,motor,by,JET ENGINE 2,https://api.sketchfab.com/v3/models/ebff999fe68b40dcb89b5bfb069100d8
958a978869c840cfba1dba51c4b7542d,motor,by,Gizmo,https://api.sketchfab.com/v3/models/958a978869c840cfba1dba51c4b7542d
b014299cbcfa47ddb351612a0c82ea6d,motor,by,Synthetic test: RealityCapture,https://api.sketchfab.com/v3/models/b014299cbcfa47ddb351612a0c82ea6d
a5acea083aca48b98056917a53d91c4a,motor,by,V8 Engine - 𝙎𝙍𝙏 𝙋𝙚𝙧𝙛𝙤𝙢𝙖𝙣𝙘𝙚™,https://api.sketchfab.com/v3/models/a5acea083aca48b98056917a53d91c4a
544745d804a14ae6a4d22d5b57dd9847,motor,by,focusTrunk,https://api.sketchfab.com/v3/models/544745d804a14ae6a4d22d5b57dd9847
317a477c66eb457a8a53fa78f981c7d9,motor,by,Двухступен-ый коническо-цилиндрический редуктор,https://api.sketchfab.com/v3/models/317a477c66eb457a8a53fa78f981c7d9
668cc358af5f4ee0997ed28c2996ab2e,motor,by,WJarm,https://api.sketchfab.com/v3/models/668cc358af5f4ee0997ed28c2996ab2e
c63e2dc9d7494ecea070a5ed7e427639,motor,by-nc-sa,Concoction,https://api.sketchfab.com/v3/models/c63e2dc9d7494ecea070a5ed7e427639
20a597379c1e4211b5c089f96f14d631,motor,by,Synthetic test: 3DF Zephir Pro/Aeral (Obsolete),https://api.sketchfab.com/v3/models/20a597379c1e4211b5c089f96f14d631
803cba48953a4413a4191b7622381504,motor,by,rocky,https://api.sketchfab.com/v3/models/803cba48953a4413a4191b7622381504
08cc18d9ec16436cb308dc1a54586bc9,motor,by,2f,https://api.sketchfab.com/v3/models/08cc18d9ec16436cb308dc1a54586bc9
f472245c56ff48ffb8af2489b50b2d6a,motor,by-nc,Brake Caliper 3D Scan,https://api.sketchfab.com/v3/models/f472245c56ff48ffb8af2489b50b2d6a
bfc85c10545141bd9db10337f3ac26b3,motor,by,Ev3-touch-sensor-driving-base,https://api.sketchfab.com/v3/models/bfc85c10545141bd9db10337f3ac26b3
e1074677ee7b4bcc855f55508ef8920c,motor,by,Ev3-rem-color-sensor-down-driving-base,https://api.sketchfab.com/v3/models/e1074677ee7b4bcc855f55508ef8920c
9796ed6c66c74cf6aab9f7b706fd8e5f,motor,by,Flores Matter_CAC 20-1026,https://api.sketchfab.com/v3/models/9796ed6c66c74cf6aab9f7b706fd8e5f
aa80118e89ef441a9ce47effabe24730,motor,by,New Model,https://api.sketchfab.com/v3/models/aa80118e89ef441a9ce47effabe24730
407e232c1de64afc837cd57c054f533d,motor,by,French Drawbridge Machine - Tango 3D Scan,https://api.sketchfab.com/v3/models/407e232c1de64afc837cd57c054f533d
af2d6ec7bede4a63b742e7a82d217734,motor,by,Rusty Motor,https://api.sketchfab.com/v3/models/af2d6ec7bede4a63b742e7a82d217734
adad5435b3334de186d34ad18b2346f1,motor,by-sa,moteur3D,https://api.sketchfab.com/v3/models/adad5435b3334de186d34ad18b2346f1
6f6764b2d75244c088f89ea7640d75d9,motor,by-nc-sa,Flat 3,https://api.sketchfab.com/v3/models/6f6764b2d75244c088f89ea7640d75d9
9646813e492b47fcae126b2491554991,cup,by,CUP,https://api.sketchfab.com/v3/models/9646813e492b47fcae126b2491554991
68e4c9f55c5745f99cbec22e816026d9,cup,by,"Starbucks Cup by: Rob Bryant, Jr",https://api.sketchfab.com/v3/models/68e4c9f55c5745f99cbec22e816026d9
1f9e92f742564f28abea906b07a13db5,cup,by,Red Mini Cup (single),https://api.sketchfab.com/v3/models/1f9e92f742564f28abea906b07a13db5
4d8c7b73dac44c51bd5421282d3b5860,cup,by,Светильник 1354/04 PL-1 Divinare,https://api.sketchfab.com/v3/models/4d8c7b73dac44c51bd5421282d3b5860
9770e5a091e94eee9636b5284f8d3e4f,cup,by,Ridged Plastic Cup,https://api.sketchfab.com/v3/models/9770e5a091e94eee9636b5284f8d3e4f
b2a193a08f654ed58147d8df30c8b4d9,cup,by,Planos de simetría del cilindro,https://api.sketchfab.com/v3/models/b2a193a08f654ed58147d8df30c8b4d9
848e8db6ec734f06ac3920b58905b176,cup,by,Coffee Cup,https://api.sketchfab.com/v3/models/848e8db6ec734f06ac3920b58905b176
7867aa1e7d7041a3af665f329829a0c1,cup,by,mug,https://api.sketchfab.com/v3/models/7867aa1e7d7041a3af665f329829a0c1
b45e9f62b3c24de5995935b59dcc332d,cup,by,Vaso 18.5,https://api.sketchfab.com/v3/models/b45e9f62b3c24de5995935b59dcc332d
0c770364d18042148f398a0dcc722d9e,cup,by,Le Creuset Style Mug,https://api.sketchfab.com/v3/models/0c770364d18042148f398a0dcc722d9e
ccfeafeefd964d83a54fa16427fdc0f9,cup,by,Export,https://api.sketchfab.com/v3/models/ccfeafeefd964d83a54fa16427fdc0f9
b22f932e42e9467dbb6784c979b6dfe1,cup,by,wine,https://api.sketchfab.com/v3/models/b22f932e42e9467dbb6784c979b6dfe1
57be766363f54139818de1dcb1f89160,cup,by,Design 5  water,https://api.sketchfab.com/v3/models/57be766363f54139818de1dcb1f89160
b2b5599c6cc74c888fc0462ede629091,cup,by,Vintage Marble Tea Cup,https://api.sketchfab.com/v3/models/b2b5599c6cc74c888fc0462ede629091
4f3edd9bf5fb4b6ab11433cbd9e19c74,cup,by,Mug 1,https://api.sketchfab.com/v3/models/4f3edd9bf5fb4b6ab11433cbd9e19c74
74c1ec968a194981b093e1f8d293b035,cup,by,3D Cup,https://api.sketchfab.com/v3/models/74c1ec968a194981b093e1f8d293b035
3a98284a462041d5b482996dfd848a2a,cup,by,Cup,https://api.sketchfab.com/v3/models/3a98284a462041d5b482996dfd848a2a
714397383f014eafb4de216db99e851d,cup,by,Taza,https://api.sketchfab.com/v3/models/714397383f014eafb4de216db99e851d
1a9951a5da9d453db978eb01fe08e4ab,cup,by,Hrneček s líškou,https://api.sketchfab.com/v3/models/1a9951a5da9d453db978eb01fe08e4ab
cbb0cdd9bbcc4fdfa2e16db1db4cda61,cup,by,Source,https://api.sketchfab.com/v3/models/cbb0cdd9bbcc4fdfa2e16db1db4cda61
a17070d3ce224e9d80bcb4cebd10c42b,cup,by,POTTINGER - Gobelet 18cl,https://api.sketchfab.com/v3/models/a17070d3ce224e9d80bcb4cebd10c42b
1f9eb125fafd48a98635b12454466880,cup,by,Lean (REMADE 3/28/21),https://api.sketchfab.com/v3/models/1f9eb125fafd48a98635b12454466880
07aa5f57ff324d4e8785ded90d2e5c52,cup,by,Cup of Coffee,https://api.sketchfab.com/v3/models/07aa5f57ff324d4e8785ded90d2e5c52
9d5df9df7a24430888f683c9b2f74f81,cup,by,Copo,https://api.sketchfab.com/v3/models/9d5df9df7a24430888f683c9b2f74f81
c93d4294ffb84bb4a106df13c395d0d4,cup,by,Smoke Stack,https://api.sketchfab.com/v3/models/c93d4294ffb84bb4a106df13c395d0d4
b2d48d706ad84747899134684f66bf06,cup,by,Clothtest3,https://api.sketchfab.com/v3/models/b2d48d706ad84747899134684f66bf06
cd2f2ec6af864451b4fb205efc9bb599,cup,by,Coffee Mug,https://api.sketchfab.com/v3/models/cd2f2ec6af864451b4fb205efc9bb599
346c33840e27461f869b1f4443b45926,cup,by,Mug 2,https://api.sketchfab.com/v3/models/346c33840e27461f869b1f4443b45926
ee8294efa6344586a41efb8a8e05d88a,cup,by,coffee cap,https://api.sketchfab.com/v3/models/ee8294efa6344586a41efb8a8e05d88a
145cb0b388384ff48845320486129a03,cup,by,coffee cup,https://api.sketchfab.com/v3/models/145cb0b388384ff48845320486129a03
c4a455b25c7d4883878d0be82f602752,cup,by,Tazza Azzurra Con Smooth 2,https://api.sketchfab.com/v3/models/c4a455b25c7d4883878d0be82f602752
58338d7667924dcfa509b3bec8c72157,cup,by,tazzina cinese,https://api.sketchfab.com/v3/models/58338d7667924dcfa509b3bec8c72157
768da275f1574b36aeac4ff3b0af9a55,cup,by,Garbage Can,https://api.sketchfab.com/v3/models/768da275f1574b36aeac4ff3b0af9a55
37085e3a281c41b1acd355b5bd9fb59e,cup,by,Starbucks Mug,https://api.sketchfab.com/v3/models/37085e3a281c41b1acd355b5bd9fb59e
f54383fd0700414589b0ad689fa65254,cup,by,"кружка, стакан 1",https://api.sketchfab.com/v3/models/f54383fd0700414589b0ad689fa65254
28997628a17744b5a00f898d7e029146,cup,by,Prop Macetita,https://api.sketchfab.com/v3/models/28997628a17744b5a00f898d7e029146
ace99cbf2a6f42e2bfe48bad03b92199,cup,by,Cup,https://api.sketchfab.com/v3/models/ace99cbf2a6f42e2bfe48bad03b92199
99b917b5ed1248c3996ae53aeb67fce5,cup,by,cylinder6,https://api.sketchfab.com/v3/models/99b917b5ed1248c3996ae53aeb67fce5
fa9c188ebe9c49f994f6c5d6bac70ec6,cup,by,Tazza Prova,https://api.sketchfab.com/v3/models/fa9c188ebe9c49f994f6c5d6bac70ec6
e0d5654c715d43ac87886fae90f3ce51,cup,by,Vaso de Café,https://api.sketchfab.com/v3/models/e0d5654c715d43ac87886fae90f3ce51
6b971a7d4d8645b0b2eff23d96909182,cup,by,Candle,https://api.sketchfab.com/v3/models/6b971a7d4d8645b0b2eff23d96909182
12aecefa782c4e15b94920cab9f4243e,cup,by,VSCO girl mug,https://api.sketchfab.com/v3/models/12aecefa782c4e15b94920cab9f4243e
42da6e2ac19b40f9b43e155ba23ac5b2,cup,by,Double Gulp Cup,https://api.sketchfab.com/v3/models/42da6e2ac19b40f9b43e155ba23ac5b2
29119fd73cf44d70a4f038849a25dfb5,cup,by,Hrnček,https://api.sketchfab.com/v3/models/29119fd73cf44d70a4f038849a25dfb5
44895b008b8a4546920d385b10f47c16,cup,by,Светильник C010CL-01RG Maytoni,https://api.sketchfab.com/v3/models/44895b008b8a4546920d385b10f47c16
0ccda97a90b14151ac2051373d8a0275,cup,by,Mug,https://api.sketchfab.com/v3/models/0ccda97a90b14151ac2051373d8a0275
c29a2ea96f6644cfae863f59c57d52e5,cup,by,White cup,https://api.sketchfab.com/v3/models/c29a2ea96f6644cfae863f59c57d52e5
1fb985a5d5974bdcb412e91293d817f7,cup,by,Caneca Minion,https://api.sketchfab.com/v3/models/1fb985a5d5974bdcb412e91293d817f7
90d1ad4c7a0c41f7ba53ac7e636dec0c,cup,by,Thruster,https://api.sketchfab.com/v3/models/90d1ad4c7a0c41f7ba53ac7e636dec0c
ef7eb9989b124364ab06c390e9948421,cup,by,Cup For Breakfast,https://api.sketchfab.com/v3/models/ef7eb9989b124364ab06c390e9948421
e4f1ec2b8ad2492b837ddaf4c5b17342,cup,by,Weird Cup and Its Plate,https://api.sketchfab.com/v3/models/e4f1ec2b8ad2492b837ddaf4c5b17342
2a972cfd726847618d7fb47d470ca4a4,cup,by,Mug,https://api.sketchfab.com/v3/models/2a972cfd726847618d7fb47d470ca4a4
952d2e8d5e01476cbdc539d5dd333108,cup,by-nc,RedPartyCup/Gobelet,https://api.sketchfab.com/v3/models/952d2e8d5e01476cbdc539d5dd333108
3498937d1d2e483b90a5d306d20b631d,cup,by,Sqaure Cup,https://api.sketchfab.com/v3/models/3498937d1d2e483b90a5d306d20b631d
14bbbafffa7f4e578dbbcba1941f7a62,cup,by,Donut and Mug,https://api.sketchfab.com/v3/models/14bbbafffa7f4e578dbbcba1941f7a62
598dffa75ef2443b9922195579e00051,cup,by,Tin Cup Mailon,https://api.sketchfab.com/v3/models/598dffa75ef2443b9922195579e00051
f89ef1454832489290156a8bd8ffcbc0,cup,by,World's Best Boss Mug,https://api.sketchfab.com/v3/models/f89ef1454832489290156a8bd8ffcbc0
dda3a7dfc4e747deb0036c6c865d3853,cup,by,Jarro de Jardim,https://api.sketchfab.com/v3/models/dda3a7dfc4e747deb0036c6c865d3853
def683d028954eb6ad58061a12058a55,cup,by,Glass,https://api.sketchfab.com/v3/models/def683d028954eb6ad58061a12058a55
37cccf4e5a2141d6a901b04d17074b7f,cup,by,Coffee mug with material,https://api.sketchfab.com/v3/models/37cccf4e5a2141d6a901b04d17074b7f
c40379cc02d24defa9ce324738153930,cup,by,Stupid Cup 2,https://api.sketchfab.com/v3/models/c40379cc02d24defa9ce324738153930
7ddaf846feaf4646a964b6566113fa42,cup,by,Hrnek,https://api.sketchfab.com/v3/models/7ddaf846feaf4646a964b6566113fa42
a14b0fb5e6044c3d9143c9e764a916d7,cup,by,Donut Mug,https://api.sketchfab.com/v3/models/a14b0fb5e6044c3d9143c9e764a916d7
6c20ebeaa8d24bdda0c9f5891c7ac549,cup,by,Starbucks Limited Edition Christmas Mug,https://api.sketchfab.com/v3/models/6c20ebeaa8d24bdda0c9f5891c7ac549
44647e6a6db74a78bf757280ae3a52ae,cup,by,Basic Pencil Cup,https://api.sketchfab.com/v3/models/44647e6a6db74a78bf757280ae3a52ae
943f75e914064e1f83e24b3fed4d9d54,cup,by,cylinder8,https://api.sketchfab.com/v3/models/943f75e914064e1f83e24b3fed4d9d54
fae08c03cc75437c811f50426a81ac30,cup,by,CUP - SCHOOL PROJECT (Hrnček pre Svokru),https://api.sketchfab.com/v3/models/fae08c03cc75437c811f50426a81ac30
f0a3a7fffa2f41ceabdfdc0b816fa662,cup,by,coffie mug,https://api.sketchfab.com/v3/models/f0a3a7fffa2f41ceabdfdc0b816fa662
a5e9dfa969eb47e886fb0063d7209511,cup,by,Square mug subdiv,https://api.sketchfab.com/v3/models/a5e9dfa969eb47e886fb0063d7209511
885ae84e85ef401ba0f7a07a81adbb06,cup,by,Spooky Coffee Mug,https://api.sketchfab.com/v3/models/885ae84e85ef401ba0f7a07a81adbb06
e5e87ddbf3f6470384bef58431351e2a,mug,by,Komi_cup,https://api.sketchfab.com/v3/models/e5e87ddbf3f6470384bef58431351e2a
922cd7d18c6748d49fe651ded8a04cf4,mug,by,Personal Mug With Logo/Crest,https://api.sketchfab.com/v3/models/922cd7d18c6748d49fe651ded8a04cf4
63660b72eff64e63947bd7fd84629d94,mug,by,Cup made in blender,https://api.sketchfab.com/v3/models/63660b72eff64e63947bd7fd84629d94
93ad19db34bc49a0b7acc24e7a5a22fd,mug,by,Extra Credit Behnke Lauren 31242184,https://api.sketchfab.com/v3/models/93ad19db34bc49a0b7acc24e7a5a22fd
74f2d58ffb5f4fc8951be72cd13f64d6,mug,by,Кружка,https://api.sketchfab.com/v3/models/74f2d58ffb5f4fc8951be72cd13f64d6
2d62085f95e64665bf8eb1e623f1f0f3,mug,by,Wk7 Mug Tran Ryan,https://api.sketchfab.com/v3/models/2d62085f95e64665bf8eb1e623f1f0f3
97ddd7db0b5b471983db0d6526991dc1,mug,by,Mighty Amberis- Lappi,https://api.sketchfab.com/v3/models/97ddd7db0b5b471983db0d6526991dc1
4a2fe98254114412b73b6b831b1a38a4,mug,by-nc,Cup of coffee,https://api.sketchfab.com/v3/models/4a2fe98254114412b73b6b831b1a38a4
6734e6f2fc6e4f80a887e6cfc9c92cc4,mug,by,Nordic Mug,https://api.sketchfab.com/v3/models/6734e6f2fc6e4f80a887e6cfc9c92cc4
c666d90ad57e44f1baf90e5ec062a152,mug,by,Grey mug,https://api.sketchfab.com/v3/models/c666d90ad57e44f1baf90e5ec062a152
fa7abc1ab50c484db3323ccbf7f8514b,mug,by,Rusted Over Mug,https://api.sketchfab.com/v3/models/fa7abc1ab50c484db3323ccbf7f8514b
52d54d64e2544ace8a41d33d2ee03fdc,mug,by,Mug,https://api.sketchfab.com/v3/models/52d54d64e2544ace8a41d33d2ee03fdc
50db8b27c1414717b1aed8bd48ecf88d,mug,by,Deep Rock Tankard,https://api.sketchfab.com/v3/models/50db8b27c1414717b1aed8bd48ecf88d
0166cd3012284d0cb89d0c6548f9680c,mug,by,Simple Mug,https://api.sketchfab.com/v3/models/0166cd3012284d0cb89d0c6548f9680c
b279e479d8354ea684131361f0876b69,mug,by,Cheerful cup of moody coffee,https://api.sketchfab.com/v3/models/b279e479d8354ea684131361f0876b69
a564a11174be455bbce4698f7da92fdf,mug,by,Scene,https://api.sketchfab.com/v3/models/a564a11174be455bbce4698f7da92fdf
818d7994915d447bbf05be34a0b122fe,mug,by,Tea Cup,https://api.sketchfab.com/v3/models/818d7994915d447bbf05be34a0b122fe
9321c45cb9cf459f9f803507d3a11fb3,mug,by,Mug Handle,https://api.sketchfab.com/v3/models/9321c45cb9cf459f9f803507d3a11fb3
1095a05d184b428199b791deea8b9724,mug,by,שיר שלם,https://api.sketchfab.com/v3/models/1095a05d184b428199b791deea8b9724
2ce176f569cf41709629e713ece8d1bb,mug,by,Cute Coffee Cup,https://api.sketchfab.com/v3/models/2ce176f569cf41709629e713ece8d1bb
d6c7ed9bbb2a44e591a8c5168adfe362,mug,by-nc,Mug Glass Ceramic,https://api.sketchfab.com/v3/models/d6c7ed9bbb2a44e591a8c5168adfe362
7cc9e64d7ffd4e369595062abb3ab177,mug,by,Coffee Mug,https://api.sketchfab.com/v3/models/7cc9e64d7ffd4e369595062abb3ab177
9f57c839da2b49ba9fbdbcf0a8868ab0,mug,by,Jug,https://api.sketchfab.com/v3/models/9f57c839da2b49ba9fbdbcf0a8868ab0
c25119c5ac6e4654be3b75d78e34a912,mug,by,Pink Mug,https://api.sketchfab.com/v3/models/c25119c5ac6e4654be3b75d78e34a912
c7f7a78ec67d42819bf33dbf82dd1bbe,mug,by,cupholder,https://api.sketchfab.com/v3/models/c7f7a78ec67d42819bf33dbf82dd1bbe
4fbbdf9506be4b6ea0d4ce74007a37f8,mug,by,Mug,https://api.sketchfab.com/v3/models/4fbbdf9506be4b6ea0d4ce74007a37f8
435077bef9dd48d6a5cee72dd1f4a4ef,mug,by,Assignment 6 Mug,https://api.sketchfab.com/v3/models/435077bef9dd48d6a5cee72dd1f4a4ef
ad2546804e8845b09e5db7c6db16b704,mug,by,Mug,https://api.sketchfab.com/v3/models/ad2546804e8845b09e5db7c6db16b704
44b45ae8126a4358ac49321c538e2c31,mug,by,Chocolate Cup,https://api.sketchfab.com/v3/models/44b45ae8126a4358ac49321c538e2c31
6702d5d92c9c416eac5cc99ee383ff46,mug,by,LeCreuset - Mug,https://api.sketchfab.com/v3/models/6702d5d92c9c416eac5cc99ee383ff46
c645474193ba436fba3154521629692d,mug,by,Lego Cup,https://api.sketchfab.com/v3/models/c645474193ba436fba3154521629692d
e02123e2b43d4092820c8e78b4a48332,mug,by,HEAD MR:NONE,https://api.sketchfab.com/v3/models/e02123e2b43d4092820c8e78b4a48332
1b36172e3e254b46a973f0132c4b2e08,mug,by,Singapore Coffee Cup Polycam AI Photos,https://api.sketchfab.com/v3/models/1b36172e3e254b46a973f0132c4b2e08
92dafaefb8c742fb95fb8ec71c27b2b5,mug,by,Caneca Da Miya Miyau,https://api.sketchfab.com/v3/models/92dafaefb8c742fb95fb8ec71c27b2b5
543c9a06fc8f47648f440b2c36b354d0,mug,by,"""Włocławek"" mug from the house of Szymon Kluger",https://api.sketchfab.com/v3/models/543c9a06fc8f47648f440b2c36b354d0
2b3e80b25a434b15b31cd5078b7f059a,mug,by,Mini Mug,https://api.sketchfab.com/v3/models/2b3e80b25a434b15b31cd5078b7f059a
31b7048a2fbe4a038a9f216f1a966bb2,mug,by,Cup,https://api.sketchfab.com/v3/models/31b7048a2fbe4a038a9f216f1a966bb2
a17de88a9464410fa2c8f550ab04749e,mug,by,TAZA HT NO 3,https://api.sketchfab.com/v3/models/a17de88a9464410fa2c8f550ab04749e
bcd8eaf8dc13433493944a7f6b882f9a,mug,by,VasoAntiguo,https://api.sketchfab.com/v3/models/bcd8eaf8dc13433493944a7f6b882f9a
95fe6a8daebb4ea5846ace8c0806d108,mug,by,Olut tuoppi ilman olutta 2,https://api.sketchfab.com/v3/models/95fe6a8daebb4ea5846ace8c0806d108
45381c7f838540d88ed85cd2f00cb35b,mug,by,Coffee Cup,https://api.sketchfab.com/v3/models/45381c7f838540d88ed85cd2f00cb35b
057ed726c32c4e0d8912d04343e7bf5a,mug,by,TAZA HT NO 3,https://api.sketchfab.com/v3/models/057ed726c32c4e0d8912d04343e7bf5a
3a87a55210db4fd9a27565671824f894,mug,by,Coffee Mug,https://api.sketchfab.com/v3/models/3a87a55210db4fd9a27565671824f894
1dd7467ee6b947e6b6cd03368c00a8e1,mug,by,Mug,https://api.sketchfab.com/v3/models/1dd7467ee6b947e6b6cd03368c00a8e1
e408136e84414784a142e40eb876bbed,mug,by,Cup,https://api.sketchfab.com/v3/models/e408136e84414784a142e40eb876bbed
92e8a44f3259460d99de2e6d20b00606,mug,by-sa,Cozy mug,https://api.sketchfab.com/v3/models/92e8a44f3259460d99de2e6d20b00606
6142a5564edb4a7ba1c948673460afe0,mug,by,Jack Skellington cup,https://api.sketchfab.com/v3/models/6142a5564edb4a7ba1c948673460afe0
91c5283b27c74583900d5e26e2fcd086,mug,by,Wood mug,https://api.sketchfab.com/v3/models/91c5283b27c74583900d5e26e2fcd086
89591a21a3ad499f9178247b1ea78484,mug,by,"Tazza "" Gigante monte Prama""",https://api.sketchfab.com/v3/models/89591a21a3ad499f9178247b1ea78484
033c946a91ee401db2d7d5391ba5b036,mug,by,Mug,https://api.sketchfab.com/v3/models/033c946a91ee401db2d7d5391ba5b036
8dec3aa6447243b1b449cb6953a66b95,mug,by,Viking Mug,https://api.sketchfab.com/v3/models/8dec3aa6447243b1b449cb6953a66b95
5f7108c70d6c482c99ddcba2533c1e87,mug,by,XTRA MUG Feifei Wang,https://api.sketchfab.com/v3/models/5f7108c70d6c482c99ddcba2533c1e87
c609327dd3a74fb597584e1b4a14a615,mug,by,Mug,https://api.sketchfab.com/v3/models/c609327dd3a74fb597584e1b4a14a615
1522d7b6d8a14f4f8c19f996320fdc09,mug,by,SCP-999 Mug,https://api.sketchfab.com/v3/models/1522d7b6d8a14f4f8c19f996320fdc09
43e95c43931a4801849639bb08ece288,mug,by,Pogchamphrncek_brcak,https://api.sketchfab.com/v3/models/43e95c43931a4801849639bb08ece288
1dd9b373e3084cc0914a580ce5728cf8,mug,by,Mug Export,https://api.sketchfab.com/v3/models/1dd9b373e3084cc0914a580ce5728cf8
3a973e2cd37c430a98fd6270687c5c81,mug,by,Basic Mag,https://api.sketchfab.com/v3/models/3a973e2cd37c430a98fd6270687c5c81
ed42b058fda84754b4a4ce96b17bc91c,mug,by,Tea Cup Low Poly Free,https://api.sketchfab.com/v3/models/ed42b058fda84754b4a4ce96b17bc91c
b4e5f0e6367e442c995eb1e241e61f74,mug,by,Mario taza,https://api.sketchfab.com/v3/models/b4e5f0e6367e442c995eb1e241e61f74
9de0f410e48341bc83b7ed43a864e34b,mug,by,Mug,https://api.sketchfab.com/v3/models/9de0f410e48341bc83b7ed43a864e34b
ce6383d8fb27451eb8c39a7193194307,mug,by,TAZA,https://api.sketchfab.com/v3/models/ce6383d8fb27451eb8c39a7193194307
a30aab65d235438bbfc6699faaea762d,mug,by,Cupholder,https://api.sketchfab.com/v3/models/a30aab65d235438bbfc6699faaea762d
2e6d9e77be114535b01d7ef028c2f49c,mug,by,Gromit Mug,https://api.sketchfab.com/v3/models/2e6d9e77be114535b01d7ef028c2f49c
7ae72d29ede943798623e11231b70109,mug,by,Mug,https://api.sketchfab.com/v3/models/7ae72d29ede943798623e11231b70109
157ab13a82c6409b8ed79ee1073e2227,mug,by,MILITARY COFEE POT,https://api.sketchfab.com/v3/models/157ab13a82c6409b8ed79ee1073e2227
3ea2fd4e065147048064f4c97a89fe6f,mug,by-nc,XYZ. DraftPunk. Lesson 3.2 Simple Pipeline,https://api.sketchfab.com/v3/models/3ea2fd4e065147048064f4c97a89fe6f
f5e8252067fc4fa5a1f79f4e3d7b7c45,mug,by,Pottery coffee cup,https://api.sketchfab.com/v3/models/f5e8252067fc4fa5a1f79f4e3d7b7c45
3146c02a2b5e41b9ac8481c66c8e1ba1,mug,by,Cup,https://api.sketchfab.com/v3/models/3146c02a2b5e41b9ac8481c66c8e1ba1
3576b3e274ea486f8ffeeead0259ea8e,mug,by,MILITARY COFEE POT,https://api.sketchfab.com/v3/models/3576b3e274ea486f8ffeeead0259ea8e
ae7142127dd84ebbbe7762368ace452c,mug,by-nc,Cup,https://api.sketchfab.com/v3/models/ae7142127dd84ebbbe7762368ace452c
e2b0bc9174b3467da5ffaeddc44fca8f,mug,by,Mug0,https://api.sketchfab.com/v3/models/e2b0bc9174b3467da5ffaeddc44fca8f
7bc2b14a48d1413e9375c32a53e3ee6f,mug,by,Aluminum mug (lowpoly),https://api.sketchfab.com/v3/models/7bc2b14a48d1413e9375c32a53e3ee6f
13bd7511918640fba71dd4ca554d5a5e,mug,by,Cup,https://api.sketchfab.com/v3/models/13bd7511918640fba71dd4ca554d5a5e
721c70b175674aad93d742ff8812b512,mug,by,1st Cup,https://api.sketchfab.com/v3/models/721c70b175674aad93d742ff8812b512
047462f5fdc244339511f87f4df49446,mug,by,Wooden Mug,https://api.sketchfab.com/v3/models/047462f5fdc244339511f87f4df49446
6e74ee87e8a94e70ac369dbb2d53b0ae,mug,by,Caneca,https://api.sketchfab.com/v3/models/6e74ee87e8a94e70ac369dbb2d53b0ae
44d69f20e761400d93b0f1e72fe08528,mug,by-nc,Glass,https://api.sketchfab.com/v3/models/44d69f20e761400d93b0f1e72fe08528
86a4e42f3f0e4847b58413ab69f0c789,mug,by,Hrnček,https://api.sketchfab.com/v3/models/86a4e42f3f0e4847b58413ab69f0c789
3cea231970204cdd82696c90fc1ade2e,mug,by,Ed's Mug,https://api.sketchfab.com/v3/models/3cea231970204cdd82696c90fc1ade2e
3e5b44b8eac24e2dadcc158e7ae421b2,mug,by,Tinmug22,https://api.sketchfab.com/v3/models/3e5b44b8eac24e2dadcc158e7ae421b2
12652c6e0aaf44dda32aab816f433baf,mug,by,Cup,https://api.sketchfab.com/v3/models/12652c6e0aaf44dda32aab816f433baf
8632380517a043ccbd364e1418cfed74,mug,by,Coffee Mug,https://api.sketchfab.com/v3/models/8632380517a043ccbd364e1418cfed74
5661e1f99a3e4d4ea257a085fac5acfd,mug,by,Wooden Mug,https://api.sketchfab.com/v3/models/5661e1f99a3e4d4ea257a085fac5acfd
005349b8ece7424984e8b1f224a8dfe3,mug,by,Mug,https://api.sketchfab.com/v3/models/005349b8ece7424984e8b1f224a8dfe3
ca4f9a92cc2f4ee98fe9332db41bf7f7,mug,by,Seth.B HHO Mug #2,https://api.sketchfab.com/v3/models/ca4f9a92cc2f4ee98fe9332db41bf7f7
b65cba53888f46a4b3c363f1836d0851,mug,by,Empty cup,https://api.sketchfab.com/v3/models/b65cba53888f46a4b3c363f1836d0851
c38d573bb47f4dc4bdd2faea926c5276,mug,by,Mug,https://api.sketchfab.com/v3/models/c38d573bb47f4dc4bdd2faea926c5276
d240a7bf160e48418c2f16e91cd62987,mug,by-sa,"Wooden medival mug, free to use",https://api.sketchfab.com/v3/models/d240a7bf160e48418c2f16e91cd62987
49a6fe4995224d4e8e5ee1e23727e51d,mug,by,Beer Mug,https://api.sketchfab.com/v3/models/49a6fe4995224d4e8e5ee1e23727e51d
b8478cea51454555b90de0fe6ba7ba83,mug,by,taza/cup,https://api.sketchfab.com/v3/models/b8478cea51454555b90de0fe6ba7ba83
756e40dbb2494b6b8cfdecbad8832f83,mug,by,wy-test-cup,https://api.sketchfab.com/v3/models/756e40dbb2494b6b8cfdecbad8832f83
fc63df9772a4474ab070fd765bfbadd9,mug,by,Cup,https://api.sketchfab.com/v3/models/fc63df9772a4474ab070fd765bfbadd9
2a8632e9355948ad97c129f957c2ad09,mug,by,Beer Mug,https://api.sketchfab.com/v3/models/2a8632e9355948ad97c129f957c2ad09
3af628b2e93f4d1389ee67bf114d3370,mug,by-nc-sa,Pixel Heart Mug,https://api.sketchfab.com/v3/models/3af628b2e93f4d1389ee67bf114d3370
783d2d80f163497aa02fda539e82755e,mug,by,Xicara,https://api.sketchfab.com/v3/models/783d2d80f163497aa02fda539e82755e
2555a69678e64f91a286dd8132f7e937,mug,by,Ceramic Mug,https://api.sketchfab.com/v3/models/2555a69678e64f91a286dd8132f7e937
82e943e3cfac4da5a20d189ddbd6abdf,mug,by,Mug with Snake Decal,https://api.sketchfab.com/v3/models/82e943e3cfac4da5a20d189ddbd6abdf
58a48a137b03468fac88eecc6dacbaf7,mug,by,Blue cup HIGH-POLY!,https://api.sketchfab.com/v3/models/58a48a137b03468fac88eecc6dacbaf7
96d0e25b866c48dbb7c90d26298c91e1,mug,by,Mug,https://api.sketchfab.com/v3/models/96d0e25b866c48dbb7c90d26298c91e1
38e53299cce04fe19235b8b198f7818b,mug,by,Cup,https://api.sketchfab.com/v3/models/38e53299cce04fe19235b8b198f7818b
fe27c397cf42404ea4c1f6a32a38a27f,mug,by,super_bombul,https://api.sketchfab.com/v3/models/fe27c397cf42404ea4c1f6a32a38a27f
1f6a331e21db4f919f6e448bfde3a090,mug,by,Coffe cup,https://api.sketchfab.com/v3/models/1f6a331e21db4f919f6e448bfde3a090
84f617a1db9d48bb8521a78b6c80b8a1,mug,by,Tazza-viola M,https://api.sketchfab.com/v3/models/84f617a1db9d48bb8521a78b6c80b8a1
77d41aba53e4455f9f84fa04b175dff4,mug,by,01 Mug,https://api.sketchfab.com/v3/models/77d41aba53e4455f9f84fa04b175dff4
85f1874605a44d239e11fefa2e548cb2,mug,by,Cup,https://api.sketchfab.com/v3/models/85f1874605a44d239e11fefa2e548cb2
de23895b6e9b4cfd870e30d14c2150dd,mug,by,Mug,https://api.sketchfab.com/v3/models/de23895b6e9b4cfd870e30d14c2150dd
826a236ea5fa4c0fbc8c6ee7d88df70d,mug,by,Mug,https://api.sketchfab.com/v3/models/826a236ea5fa4c0fbc8c6ee7d88df70d
77f00280d56b468381d75bf9392496be,mug,by,COFFEE MUG,https://api.sketchfab.com/v3/models/77f00280d56b468381d75bf9392496be
45ea75466acd45f481ac0fe22beb4aab,mug,by,Taza Amor,https://api.sketchfab.com/v3/models/45ea75466acd45f481ac0fe22beb4aab
19df061c4b2042c6959bc411a3ca100d,mug,by,Mug,https://api.sketchfab.com/v3/models/19df061c4b2042c6959bc411a3ca100d
4fbb57124fec47d8b216101e19f5d385,mug,by,Good Morning Coffee-Cup,https://api.sketchfab.com/v3/models/4fbb57124fec47d8b216101e19f5d385
657f2da8d75c4781b0f3faacda7561cb,mug,by,Mug - failed scan,https://api.sketchfab.com/v3/models/657f2da8d75c4781b0f3faacda7561cb
9dcdde5bf82e4fe2af13784ac2ed0902,mug,by,Cubord full of coffee cupps,https://api.sketchfab.com/v3/models/9dcdde5bf82e4fe2af13784ac2ed0902
6543aaad61124f99a2296099a7f56748,mug,by,Mug,https://api.sketchfab.com/v3/models/6543aaad61124f99a2296099a7f56748
f173eedc45904558824415d09646753e,mug,by,Pikachu Mug,https://api.sketchfab.com/v3/models/f173eedc45904558824415d09646753e
e0d4745c293b4f63ab1966dd23240941,mug,by,Medieval Horn Tankard,https://api.sketchfab.com/v3/models/e0d4745c293b4f63ab1966dd23240941
db9345f568e8499a9eac2577302b5f51,mug,by,CoffeMug + Different colors,https://api.sketchfab.com/v3/models/db9345f568e8499a9eac2577302b5f51
30f383a4c61d4ddfb6035c931f6639c6,mug,by,Wild West Beer Mug,https://api.sketchfab.com/v3/models/30f383a4c61d4ddfb6035c931f6639c6
32d5033eb7e7435696369ee300ad16e7,mug,by,enamel cup,https://api.sketchfab.com/v3/models/32d5033eb7e7435696369ee300ad16e7
d40aa57bd3134878b573ba48cfa37f2f,mug,by,Low Poly Cup,https://api.sketchfab.com/v3/models/d40aa57bd3134878b573ba48cfa37f2f
9272682c0f714933ac59202500f8d6c8,mug,by,Coffe Cup,https://api.sketchfab.com/v3/models/9272682c0f714933ac59202500f8d6c8
55b689d55dbb45dc8e4a5d7d76e54daa,mug,by,Taza Buena,https://api.sketchfab.com/v3/models/55b689d55dbb45dc8e4a5d7d76e54daa
3a2a7c597431416aa7655da8f747424b,mug,by,Free red ceramic mug,https://api.sketchfab.com/v3/models/3a2a7c597431416aa7655da8f747424b
2c88306f3d724a839054f3c2913fb1d5,mug,by,WK 07 Mug,https://api.sketchfab.com/v3/models/2c88306f3d724a839054f3c2913fb1d5
76c92ae8920e4bd4b553122fadc8d570,mug,by,Character Design Mug,https://api.sketchfab.com/v3/models/76c92ae8920e4bd4b553122fadc8d570
7ad83b29ff75452f99415fee5b99d993,mug,by,Mug,https://api.sketchfab.com/v3/models/7ad83b29ff75452f99415fee5b99d993
